,smi,Score,Score_bin
0,NC(=O)c1ccc(-c2ccc3ccccc3n2)cc1,-30.421165999999996,1
1,Nc1nc2nc(-c3ccccc3)cc(-c3ccccc3)n2n1,-20.839885,0
2,O=C1[C@@H](N2CCc3cccc(F)c32)CCN1CC(F)(F)F,-30.615744,1
3,CSCc1cc(C(=O)N2CCc3[nH]ncc3C2)ccc1F,-25.646399,0
4,CC(=O)Nc1ccc(NC(=O)CSc2ccc(F)cc2)cc1,-29.50230800000001,0
5,CC1(C)C[C@H]1C(=O)NC1CCCCCCC1,-20.051771,0
6,CC(=O)c1ccc(NC(=O)COC(=O)Cc2ccsc2)cc1,-21.931228,0
7,COc1ccc(N=c2cc(C3CC3)[nH]c(=NC3CC3)[nH]2)cc1F,-25.710860999999998,0
8,CCOC(=O)CSc1nnc(NC(=O)Nc2ccccc2)s1,-24.110393,0
9,CCOc1cc(/C=c2\sc3nc4c(ccc(C)c4C)n3c2=O)ccc1O,-31.037974,1
10,CCn1cc(CN(CC(C)C)C(=O)c2ccc3[nH]nnc3c2)cn1,-20.144658,0
11,CC(C)(C)CN1CCC[C@H](N2CC[C@H](c3ncc[nH]3)C2)C1=O,-17.522814999999998,0
12,Cc1cc(C)n(C[C@H]2CCCN2CC(=O)N2CCNC2=O)n1,-15.131878,0
13,O=C(Nc1cccc(S(=O)(=O)N2CCCCCC2)c1)c1ccccc1F,-28.525607,0
14,COC[C@H]1CN(C(=O)Cc2ccccn2)Cc2cn(CC3CC3)nc21,-24.471356,0
15,CC(C)CN1CCC2(CC1)COc1ccccc1S(=O)(=O)N(C)C2,-12.468200999999999,0
16,O=C(C[C@H]1COCCN1)N1CCc2[nH]nc(C3CCC3)c2C1,-13.21962,0
17,CCc1noc(-c2ccccc2NC(=O)[C@H]2CC(=O)N(c3ccccc3)C2)n1,-23.497730999999998,0
18,Cc1cccc(O[C@@H](C)C(=O)NCc2ccc(OCC(N)=O)cc2)c1,-34.349234,1
19,CSc1ncccc1C(=O)N1CCC(CNC(=O)C(=O)NC2CC2)CC1,-25.14873900000001,0
20,O=C(c1ccsc1)N1CC[C@@]2(C1)CCCN(CC1CCC1)C2=O,-26.533951000000002,0
21,CCOC(=O)c1c[nH]n(CC(=O)N[C@H](C)c2cc(C)ccc2C)c1=N,-18.157804000000002,0
22,Cc1cc(C)n(CCCN(C)C(=O)Cn2c(C)nn(-c3ccccc3)c2=O)n1,-18.182789,0
23,O=C(CN1CCN(C2Cc3ccccc3C2)CC1)NC[C@H]1CCCO1,-19.537631,0
24,O=C(CCn1ncc(=O)c2ccccc21)NCc1cc2ccccc2o1,-23.211674,0
25,CC(C)CNC(=O)[C@@H](C)Oc1ccc(S(=O)(=O)NCc2ccccc2)cc1,-22.279567,0
26,CN(C)c1ncc(CN2CCC3(CC2)CCCN(C)CC3)cn1,-13.418297,0
27,CC(C)c1nnc(CN2CCC[C@H](c3ccn(CCO)n3)C2)o1,-13.899281,0
28,CC(C)C(=O)Nc1nnc(SCC(=O)N2CCCCC2)s1,-21.107349,0
29,CN(C)CCC(=O)N1CC2(C1)C[C@@H](Oc1ccccn1)CS2,-21.95789,0
30,Cc1csc([C@H]2CCCCN2C(=O)[C@@H]2COc3ccccc3O2)n1,-25.69639500000001,0
31,C[C@]1(c2ccsc2)NC(=O)N(CCOc2ccc(Cl)cc2Cl)C1=O,-22.409084,0
32,O=C1N(Cc2ccc(F)cc2)CCC[C@@]1(O)CNCc1cnn2cccnc12,-25.179412,0
33,CC[C@H]1C(=O)NCCN1C(=O)[C@H]1CC(Cc2cccc(OC)c2)=NO1,-23.574807999999997,0
34,Cc1nn(C)cc1[C@H](C)NC(=O)CC(C)(C)CC(=O)c1ccccc1,-12.377713,0
35,O=C(COC(=O)c1cccc(-n2cnnn2)c1)c1ccc(Br)s1,-34.994056,1
36,COc1ccc(S(=O)(=O)N[C@@H]2CCN(c3cc(C)cc(C)c3)C2=O)cc1,-18.193992,0
37,Cc1cnc(C2CCOCC2)n1[C@H]1CCN(C2CCN(C)CC2)C1,-10.976709,0
38,COc1ccc2c(c1)CCN(C(=O)Cc1c(C)nc(N)nc1C)CC2,-25.652704999999997,0
39,O=C(Cc1ccccc1)N1CCC(C(=O)NCCCO)CC1,-40.900171,1
40,COc1ccccc1-n1c(S)nnc1-c1ccccc1Cl,-16.225424,0
41,CSc1ccccc1N=c1cc(-c2ccccn2)[nH]c(=NCC(=O)O)[nH]1,-29.067409,0
42,CNc1cc([C@H]2CCCN(C(=O)CN3CCCC3=O)C2)ccn1,-18.534854,0
43,O=C(Nc1nc(C2CC2)cs1)c1cn(-c2ccccc2C(F)(F)F)nn1,-15.467598,0
44,c1ccc(Sc2ccc3cccnc3n2)cc1,-25.719655,0
45,Cc1ccc(C(=O)c2ccccc2C(=O)N2CCCC2)cc1,-28.299951,0
46,CC(C)CNC(=O)CSc1nnc(-c2cc(Cl)sc2Cl)c(O)n1,-33.16637,1
47,NC(=O)NC(=O)COc1ccc(C(=O)NC2CCCC2)cc1,-29.363634,0
48,CN(C)Cc1cc(-c2nccn2Cc2cnn(C)c2)ccc1O,-14.365412,0
49,Cc1nc(CCNC(=O)c2cnc3c(cnn3C(C)C)c2)cs1,-36.465327,1
50,CN(Cc1n[nH]c2c1CCCC2)C(=O)[C@H]1CCS(=O)(=O)C1,156.823354,0
51,O=C(NC1=NCCS1)c1ccc(-c2nc3ccccc3s2)o1,-22.216419000000002,0
52,C[C@@H](NCc1cc2c(c(Br)c1)OCO2)c1ccccn1,-17.465282000000002,0
53,CC(C)CCNc1nc2sc3c(c2c2ncnn21)CCCC3,-11.576186,0
54,COCCCn1ccc(NC(=O)NC(C)(C)c2ncc(C)s2)n1,-15.161968,0
55,COc1cccc(OCc2nc3cc(F)ccc3[nH]2)c1,-28.702869,0
56,C[C@@]1(NC(=O)C23CC4CC(CC(C4)C2)C3)CCS(=O)(=O)C1,-19.543656,0
57,CCc1ccc(C(=O)NCc2ccnc(N3CCN(C)CC3)c2)s1,-26.276563,0
58,O=C(Cc1c[nH]c2ccccc12)N[C@@H]1COCC[C@@H]1Oc1ccccc1,-33.071601,1
59,CC[C@H](C)NS(=O)(=O)c1cc(C(=O)O)ccc1NCc1ccccc1,-29.943519000000002,0
60,COc1ccc(NC(=O)[C@H]2COc3ccccc3C2)c(OC)c1,-29.669928000000002,0
61,CC[C@H]1c2ccccc2CCN1C(=O)CCN1CCN(CC)CC1,-4.173605,0
62,CC(=O)N1C[C@@H](CO)C2(C1)CCN(C1CCN(C(C)=O)CC1)CC2,-13.388116,0
63,COc1ccc(S(=O)(=O)N(C)c2ccc(OC)c(Cl)c2)cc1F,-20.359222,0
64,CCNC(=O)CN1CCN(Cc2ccc(N(C)C)nc2)CC1,-14.21995,0
65,CNC(=O)C1CCN(C(=O)CN[C@@H](C)c2cccc(Cl)c2)CC1,-27.440573999999998,0
66,Cc1nn(C)cc1[C@@H](C)NC(=O)CC1CCN(C(=O)C(C)C)CC1,-23.144648,0
67,CCN(C(=O)c1ccsc1)C1CCCCC1,-27.269726000000002,0
68,CCc1c(C)nc2cc(-c3cc(C)on3)nn2c1N1CCN(C(C)=O)CC1,-18.151404,0
69,CC1CCN(C(=O)c2ccc3ncnc(N4CCCC4)c3c2)CC1,-16.739493,0
70,COc1ccc(CCCN(C)C(=O)c2ccc3c(c2)C(=O)N(C)C3=O)cc1OC,-23.991581,0
71,COCCN(C)S(=O)(=O)c1csc(C(=O)Nc2ccc(C)c(C)c2)c1,-25.594314,0
72,Cc1cc(C)cc(CN2CCN(C(=O)CCc3ccncc3)CC2=O)c1,-22.750126,0
73,CCc1nc(C)c(C(=O)N2C[C@@H](N)C[C@H]2C(=O)N(CC)CC)o1,-11.553871000000001,0
74,CC[C@H]1C[C@H](NC(=O)N2CCC3(C=Cc4ccccc4O3)CC2)CCO1,-27.870576,0
75,NC(=O)c1cc2n(n1)[C@H](C(F)(F)F)C[C@H](c1ccccc1)N2,-21.903728,0
76,CCc1nc([C@H]2CCCN2C(=O)Cc2c(C)[nH]c3ccccc32)no1,-30.838990999999996,1
77,C[C@@H]1CCc2c(sc3ncnc(N4CCN(S(C)(=O)=O)CC4)c23)C1,-12.514114,0
78,C[C@H](NCC(=O)NCC(=O)Nc1ccc(F)cc1)c1cccc(C(F)(F)F)c1,-30.44909,1
79,C[C@@H]1CN(C[C@@H]2CCCN2C(=O)c2ccccc2)C[C@H](C)O1,-25.240656,0
80,Cc1ccc(CCNC(=O)c2cc(Cn3c(C)nc4ccccc43)[nH]n2)o1,-29.753691999999997,0
81,CCn1nnc2cc(C(=O)NN3C(=O)N[C@](C)(c4ccccc4)C3=O)ccc21,-15.375167000000001,0
82,COc1ccc(-n2cc(C(=O)Nc3cccc4ncccc43)nn2)cc1,-39.863334,1
83,c1cn(CCc2nc3ccccc3[nH]2)c(-c2cnc(-c3ccccn3)nc2)n1,-24.699493,0
84,Cc1nc2cc(C(=O)N[C@@H]3CCOC4(CCOCC4)C3)ccc2s1,-29.474047,0
85,O=C(c1ccsc1)N1CCC(Cc2nc(C3CCOCC3)no2)CC1,-30.446990999999997,1
86,CC(=O)c1cccc(-c2cc(C(=O)N3CCOCC3)ccn2)c1,-37.03675,1
87,Cc1noc(C)c1C(=O)N1CCCC[C@H]1c1ccc(F)cc1,-18.440713,0
88,COCCn1ccnc1[C@@H]1CCCN(C(=O)c2ccncc2)C1,-23.609897,0
89,O=C(N[C@@H](c1ccccc1)c1ccc2nc[nH]c2c1)C1CC1,-32.506976,1
90,CCCSc1ncc(CN[C@@H](CC)c2ncnn2C)cn1,-16.223159,0
91,CC[C@@H](NS(=O)(=O)Cc1noc2ccccc12)c1ccc2c(c1)OCCO2,-28.294306,0
92,O=S(=O)(c1ccc2[nH]c(Cc3ccccc3)nc2c1)N1CCOCC1,-15.875101,0
93,O=C(NC1CCN(Cc2ccccn2)CC1)c1cnc(Nc2ccccc2)nc1,-29.307027,0
94,COC(=O)[C@H]1[C@@H](c2ccc(Br)cc2)c2c(O)n[nH]c2C[C@@]1(C)O,-17.368212,0
95,CNC(=O)c1cc(S(=O)(=O)NCc2ccc3c(c2)OCCO3)ccc1OC,-19.844207,0
96,COc1ccc(OC)c([C@@H](C)NC(=O)c2cccc(F)c2)c1,-25.81205,0
97,C[C@@H](c1cccc(Cl)c1)N(C)C(=O)N[C@H]1CCCc2c1cnn2C,-24.1851,0
98,COc1cccc(C2=CCCCC2)c1OC,-21.224242,0
99,Cc1cn2c(n1)[C@@H](CNCc1cnc(C(C)(C)C)s1)CCC2,-21.644469,0
100,Cc1cccc(-n2nc(C3CC3)nc2-c2ccsc2)n1,-17.063479,0
101,O=c1[nH]c2ccccc2nc1/C=C/c1ccc(Cl)cc1,-30.176319,1
102,CC(=O)c1c(C)nn(CC(=O)N2CCCC[C@@H]2c2nccs2)c1C,-14.868114000000002,0
103,CCOC(=O)CN1CCO[C@H](COc2ccc(Cl)cc2)C1,-19.263751,0
104,O=C(NCc1nc(-c2cccs2)n[nH]1)c1cc2ccccc2o1,-27.663789,0
105,Cc1cc(C)n(-c2ccc(C(=O)N3CCC(c4ccnc(C)n4)CC3)cc2)n1,-27.276133,0
106,CC[C@@]1(N2CCN(C(=O)Cc3ccccc3F)CC2)CCN(S(C)(=O)=O)C1,-25.733648000000002,0
107,Cc1ccccc1S(=O)(=O)N1CCC[C@H]1c1cc(C(C)C)no1,-24.551481,0
108,CC(C)(C)N1CCN(C(=O)[C@@H]2CC(=O)Nc3ccccc32)CC1,-15.807128,0
109,CNC(=O)CO[C@H]1CO[C@]2(C1)CCCN(C(=O)c1ccncc1)C2,-41.256093,1
110,Cc1ccc(C(=O)NCc2noc(-c3cccc(C)c3)n2)cc1,-33.055812,1
111,O=C(Nc1ccc(F)cc1F)c1ccc(S(=O)(=O)N2CCCCCC2)cc1,-24.72662,0
112,CCOc1ccccc1N1CCN(C(=O)c2csc(C)c2CC)CC1,-26.892205,0
113,CCCCNC(=O)N[C@H]1CCCc2c1cnn2-c1ccc(F)cc1F,-24.255936,0
114,CCOC(=O)[C@@H]1CCCN(CC(=O)N[C@@H]2CCCCNC2=O)C1,-24.016883,0
115,CCN(C)c1ccccc1NC(=O)N[C@H]1CCc2nnc(C(C)C)n2C1,-9.649324,0
116,O=C(Cn1c(=O)cnc2ccccc21)NC[C@@H]1CN(C2CC2)CCO1,-26.29960800000001,0
117,O=c1/c(=C\c2cccc(Oc3ccccc3)c2)sc2nc(-c3ccncc3)nn12,-33.66056,1
118,CO[C@@](C)(CNC(=O)Cc1c(C)noc1C)c1cccc(Cl)c1,-27.760543,0
119,CCOCCn1c2ccc(C(=O)NCc3cc(C)ccn3)cc2[nH]c1=O,-18.034366000000002,0
120,O=C(CCn1cnnn1)N1CCN(CC2CC2)[C@@H]2CS(=O)(=O)C[C@@H]21,-30.098621,1
121,CCN(CCn1cc([C@H]2CCOC2)nn1)c1cccc(C)c1,-19.599947,0
122,Cc1ccc(Cn2cc(C(=O)O)c(S(=O)(=O)N3CCCCC3)n2)cc1,-12.798953,0
123,O=C(Cc1cccs1)NCCCc1ccccc1Cl,-30.049471999999998,1
124,CC(C)Nc1c(Cl)cccc1NCc1cn2cccnc2n1,-21.014647,0
125,Cn1c2nc(S)n(CC(=O)c3ccccc3)c2c(=O)[nH]c1=O,-24.977669,0
126,CSCc1csc(NC(=O)c2ccc(N3C(=O)CCC3=O)cc2)n1,-29.609529,0
127,COc1cccc([C@H]2N=c3ccccc3=C3C(=O)N=C(SC)NN32)c1,-27.52517700000001,0
128,O=C(CNC[C@@H]1CCCN1c1cccnn1)NCCc1cccs1,-20.609918,0
129,CC(=O)N1C[C@H](C)Oc2ccc(S(=O)(=O)NCCC3=CCCCC3)cc21,-17.853291,0
130,N[C@@H]1CCN(Cc2cn(C3CCN(c4cnc5ccccc5n4)CC3)nn2)C1,-9.299757000000001,0
131,CN(C)C1CCN(c2cc([C@@H]3CCOC3)nc(NCCO)n2)CC1,2.9700439999999997,0
132,CCc1nc2cc(NC(=O)c3cc4ncccn4n3)ccc2n1CC,-22.237448,0
133,COc1ccccc1-c1nnc(SCC(=O)Nc2cc(F)ccc2C)n1C,-27.059101000000002,0
134,Cc1nccc(CNC(=O)N2CCC[C@H]2C[C@@H](O)c2ccccc2)n1,-28.291339,0
135,O=C(Nc1ccnn1C1CCCC1)N(Cc1ccccn1)C[C@@H]1CCC(=O)N1,-31.113453999999997,1
136,CCOc1ccc(S(=O)(=O)NCc2cn[nH]c2-c2cccc(OC)c2)cc1,-24.75187,0
137,O=C(Nc1ccc2c(c1)CCC2)[C@H]1CCCN(c2ncccn2)C1,-30.587821999999996,1
138,O=C(OCc1cc2c(cc1Br)OCCO2)[C@@H]1C[C@H]2CC[C@H]1O2,-18.824476,0
139,CC[C@H](NC(=O)c1cn(Cc2c(F)cccc2F)nn1)c1ccc(C)cc1,-22.800281,0
140,C[C@@H]1CCc2[nH]c3ccc(C(=O)OCC(=O)NC4CC4)cc3c2C1,-27.932346999999996,0
141,Cc1nnc(NC(=O)CN2CCN(c3ccc(F)cc3)CC2)s1,-34.967422,1
142,CC[C@@H](Oc1ccc2ccccc2c1)C(=O)NCCCN1CCCCC1,-25.948017,0
143,COC(=O)c1ccc(CN(C)c2ccccc2[N+](=O)[O-])cc1,-36.042882,1
144,C[C@H]1CCCN(c2ncnc3c2nnn3Cc2ccccc2)C1,-11.450602,0
145,O[C@@H](CSc1nnc2c(Cl)cc(Cl)cn12)c1ccccc1,-26.713696000000002,0
146,COc1cc(S(=O)(=O)NCc2cccnc2)c(Cl)cc1Cl,-29.299015,0
147,CCCNC(=O)CSc1nnc(-c2ccc(Cl)cc2)n1CC,-25.403568,0
148,NC(=O)c1ccc(Cl)c(NS(=O)(=O)c2ccc3c(c2)CCCC3)c1,-24.361432,0
149,Cc1ccc(NC(=O)CN2CCN(Cc3ccc(F)cc3)S2(=O)=O)cc1,-30.88955,1
150,Cn1c(CN2CC[C@@H](NC(=O)c3cccnc3)[C@H](O)C2)nc2ccccc21,-25.365357,0
151,Cc1nc(CNC(=O)c2cc(C3CC3)nc3ccc(F)cc32)n[nH]1,-27.691476,0
152,CCNC(=O)COc1cccc(NC(=O)c2ccc(Br)s2)c1,-28.22074000000001,0
153,O=C(NCC1CCOCC1)[C@@H]1CN(Cc2ccccc2F)Cc2cncn21,-20.110041,0
154,COCc1ccc([C@H]2CCCN2CCNS(=O)(=O)c2ccccc2)o1,-26.296484999999997,0
155,CN(C)[C@H](CNC(=O)C1Oc2ccccc2O1)c1ccc2c(c1)OCO2,-19.053889,0
156,NS(=O)(=O)c1ccc(NC(=O)N[C@H]2CC(=O)N(c3cccc(F)c3)C2)cc1,-28.424958,0
157,COc1ccc(CCCNC(=O)NCC(=O)N2CCCC2)cc1OC,-17.524416,0
158,O=C(COc1ccc(Cl)c(Cl)c1)N1CC[C@H](C(F)(F)F)[C@@H]1CO,-34.556982,1
159,COCc1cccc(C(=O)Nc2cccc(C)c2C(=O)N2CCCC2)c1,-31.385294000000002,1
160,CCNc1nc(C)cc(N2CCN(S(=O)(=O)c3ccc(C)cc3)CC2)n1,-18.658266,0
161,O=C(NCCN1CCc2ccccc2C1)c1cn2ccccc2n1,-26.027947,0
162,Cc1cccc(C)c1-n1nnnc1C(C)(C)NCCc1ccccc1,-26.090224,0
163,O=C(CN1C(=O)[C@@H]2CC=CC[C@H]2C1=O)Nc1ccc(Br)cc1,-25.577644,0
164,O=C(Cc1cnn(-c2ccccc2)c1)Nc1cc(Cl)ccn1,-30.818279999999998,1
165,CS(=O)(=O)Nc1cc(C(=O)N2CCN(c3ccccc3)CC2)ccc1Cl,-27.112417999999998,0
166,Cc1ncc2c(n1)[C@@]1(CCN(Cc3ccc(C(C)(C)C)cc3)C1)COC2,-13.285784,0
167,CCCc1c(C(=O)Nc2cccc(F)c2)nnn1-c1ccccc1,-24.587553,0
168,Cc1nc(CNC(=O)N[C@@H](C[C@@H]2CCOC2)c2ccccc2)oc1C,-25.562092,0
169,CCOC(=O)c1[nH]c(C)c(CCC(=O)Nc2cc(OC)ccc2OC)c1C,-16.341419000000002,0
170,Clc1cccc(C2(c3nc([C@H]4CCOC4)no3)CCC2)c1,-20.305244000000002,0
171,O=C(COc1ccccc1)N[C@@H]1CCCN(Cc2ccccc2F)C1,-25.088561,0
172,CCOC(=O)CNC(=O)NCc1cccn1Cc1cccc(C)c1,-27.33515,0
173,CC[C@H](C)Cc1nc(C2CCN(CC(N)=O)CC2)n(CC(C)(C)O)n1,-23.00295,0
174,COC(=O)c1cccc(S(=O)(=O)Nc2ccccc2[C@H](O)C(F)(F)F)c1,-25.595704,0
175,Cc1cc(C)nc(NNS(=O)(=O)c2ccc(Cl)cc2F)n1,-22.728456,0
176,Cc1ccc2[nH]c([C@@H]3CC[C@@](C)(C(=O)O)C3(C)C)nc2c1,-18.559012,0
177,CS(=O)(=O)N1CCC[C@H]1C(=O)N1CCC(c2ccncn2)CC1,-21.352838000000002,0
178,CCCc1n[nH]cc1C(=O)N1CCc2[nH]nc(-c3ccccc3F)c2C1,-17.773893,0
179,C[C@H]1CN(C(=O)c2cccc(COc3ccccc3C(N)=O)c2)C[C@H](C)N1,-33.966547,1
180,Cc1nonc1CNC(=O)C1(N2CCOCC2)CCCCC1,-27.731740000000002,0
181,COC(=O)Cn1nc(Oc2nc(N(C)C)nc(N(C)C)n2)ccc1=O,-19.349832,0
182,CCN(CC)CCNC(=O)[C@H]1CCc2[nH]nc(-c3cccc(F)c3)c2C1,-15.108303,0
183,COc1ccc(S(=O)(=O)N(C)c2cc(Cl)ccc2Cl)cc1,-18.086847,0
184,C[C@@H](NC(=O)N1CCC[C@H](C(F)(F)F)C1)c1cccs1,-19.09122,0
185,CN(C)c1noc(CN(Cc2cc(F)ccc2F)C2CCCC2)n1,-18.108686,0
186,O=C(CCCNC(=O)C1CC1)Nc1nc2cc(F)c(F)cc2s1,-19.370615,0
187,Cc1noc(C)c1CC(=O)N1CCN(S(=O)(=O)c2cccs2)CC1,-23.509231,0
188,Cc1cc(F)ccc1S(=O)(=O)Nc1ccc2c(c1)C(=O)N(C)CCO2,-28.791493,0
189,CCOc1ccc(CN2CCc3nnc([C@@H]4CCCN(C(C)=O)C4)n3CC2)cc1,-25.225136,0
190,O=c1[nH]c2c([nH]1)[C@@H]1c3ccccc3OC(=O)[C@@H]1[C@@H](c1ccccc1)S2,-23.027239,0
191,COC(=O)c1ccc(NC(=O)Nc2ccccc2C(=O)N2CCCC2)cc1,-27.546026,0
192,COc1ccc(C(=O)OC2C[C@@H]3CC[C@@H](C2)N3C)cc1OC,2.662361,0
193,Cc1cc([C@@H]2CCCN2C(=O)c2ccc(C)cc2)no1,-28.760341999999998,0
194,CCN1C[C@]2(CC1=O)CN(Cc1ccc(C)s1)CCN(C(=O)N(C)C)C2,-11.881594,0
195,CSc1cccc(NS(=O)(=O)c2cc(C(=O)O)ccc2F)c1,-26.135117,0
196,Nc1nc(O)cc(-c2ccc(C(=O)N3CCCCCC3)cc2)n1,-20.42122,0
197,COc1ccccc1C(=O)N[C@H]1CCN(c2cc(-c3ccc(Cl)cc3)n[nH]2)C1,-34.332364,1
198,O=C(CSc1ccccc1)NC1CCN(c2ccc(C(F)(F)F)cn2)CC1,-32.449025,1
199,Cn1cc(NC(=O)c2ccc3c(c2)C(=O)N(Cc2ccc(F)cc2)C3=O)cn1,-30.861775,1
200,C[C@H](NC(=O)c1cccs1)C(=O)Nc1ccc2scnc2c1,-21.858306,0
201,CNC(=O)CN1CCC(NC(=O)C2(c3cccc(C)c3)CC2)CC1,-17.542412,0
202,Cc1nc(-n2nc(C)c(Cc3ccc(C)cc3)c2O)sc1C(=O)N1CCCC1,-20.483,0
203,O=C(Nc1ccc2c(c1)COC2)N1CCC[C@H]1Cc1ccccc1,-32.402423,1
204,Cc1cccc(F)c1NC(=O)NC[C@H]1CCC[C@@]12NC(=O)NC2=O,-22.204779000000002,0
205,O=C(c1ccc(Cl)cc1F)N1CCC(OCc2ccccn2)CC1,-28.143254,0
206,C[C@H](N)[C@@H]1CCCN(C(=O)c2ccn(-c3cccc(Cl)c3)n2)C1,-17.090401999999994,0
207,Cc1cccc(NC(=O)[C@H]2CC(=O)N(Cc3ccc(Cl)cc3)C2)n1,-28.286556,0
208,CCS(=O)(=O)Oc1ccc(CN(C(=O)Nc2ccccc2C)C2CC2)cc1,-34.196471,1
209,O=C(CNc1ccc(-n2cncn2)c(Cl)c1)N1CCCCCC1,-21.612144,0
210,CCc1nc(CN2CCN(c3ccc(O)cc3)CC2)cs1,-20.669857999999998,0
211,Cc1ccc(C(=O)NCCCNC(=O)c2ccc(C)c(C)c2)cn1,-31.623683000000003,1
212,N[C@@H]1[C@H](c2cccc(F)c2)[C@@H]1S(=O)(=O)c1ccc(Cl)cc1,-28.512729999999998,0
213,c1ccc(CO[C@@H]2CCOC[C@H]2Nc2nccc(C3CCCC3)n2)nc1,-22.836614,0
214,Cc1cc(C(=O)N[C@@H](C)c2nc[nH]n2)c(C)cc1Br,-24.730933,0
215,Cc1ccccc1-n1nc(C(=O)Nn2c(O)nnc2O)c2c1CCC2,-15.591459,0
216,CCCN(C)C(=O)Nc1cccc(S(=O)(=O)N2CCCCC2)c1,-17.941208,0
217,C[C@@H](C(=O)Oc1ccc(Cl)cc1Cl)N1C(=O)c2ccccc2C1=O,-26.761034999999996,0
218,COC(=O)CNC(=O)c1csc(COc2ccc(Cl)cc2)n1,-27.798561,0
219,CCn1nc(C(=O)N[C@H]2CCc3nccn3C2)c2ccccc2c1=O,-27.363816999999997,0
220,COc1ccc(-n2nc(CC(N)=O)nc2[C@@H]2CSC(C)(C)C(=O)N2)cc1,-17.916141,0
221,Cc1cnc(CN2C[C@]3(CCCN(c4ccncc4C)C3)CCC2=O)cn1,-20.799657999999997,0
222,COc1cc2c(cc1CNC(=O)c1csc(N)n1)OCCO2,-31.848238000000002,1
223,COc1cc([C@@H](C)NC(=O)NCC2(OC)CCC2)ccc1F,-20.838684,0
224,CC(=O)N[C@H](C(=O)Nc1nc(CN2CCCCC2)cs1)C(C)C,-5.158718,0
225,O=C(O)C[C@@H]1CN(C(=O)C[C@@H]2OCCc3ccccc32)CCO1,-21.717865,0
226,Cc1cc(C)n(Cc2cccc(NC(=O)[C@@H]3C[C@@H]3C(=O)O)c2)n1,-33.50047,1
227,Cn1cccc(C(=O)NC2CCN(Cc3ccc(Cl)cc3)CC2)c1=O,-23.965706,0
228,Cc1cc(NC(=O)COC(=O)c2csc(-c3ccsc3)n2)no1,-17.801455999999995,0
229,CN1CC(=O)N2CCN(C(=O)c3cc(N)ccn3)C[C@H]2C1=O,-33.964814000000004,1
230,COC(=O)C1CCN(C(=O)C[C@@H](C)Nc2cc(C)cc(C)c2)CC1,-23.809442999999998,0
231,CCc1ccccc1NC(=O)CNC(=O)c1cc2ccc(OC)cc2nc1C,-23.116511,0
232,COCCN(Cc1ccco1)C(=O)c1ccc(CS(C)(=O)=O)cc1,-27.910747999999998,0
233,O=C(COC(=O)c1cc(=O)c2ccccc2o1)N1CCc2ccccc2C1,-34.066562,1
234,COc1ccc(Cl)cc1NC(=O)CCNc1ccnc(C)n1,-25.508325,0
235,CC[C@H](C)n1nc(O)c2c1NC(=O)CS[C@H]2c1ccccc1OC,-15.851442,0
236,CCc1cc(C)nc(NCC2(c3ccc(F)cc3)CCOCC2)n1,-18.829401999999998,0
237,COCCN1CCC(NC(=O)C(C)(C)c2ccccc2F)CC1,-16.562045,0
238,CCOc1ccc(CC(=O)N2CCc3nn(C)c(=O)n3CC2)cc1OCC,-17.737871,0
239,O=C(NC1CC1)[C@@H]1C[C@H](Oc2ccccc2)CN1C(=O)c1n[nH]c2ccccc21,-26.775307,0
240,Cc1cc(C)n([C@@H](C)C(=O)N[C@@H](C(N)=O)c2ccccc2)n1,-22.912979999999997,0
241,CCNC(=O)N1C[C@@H]2C[C@H]1C(=O)N(Cc1ccccc1)c1ccccc1O2,-21.265341,0
242,Cc1ccc(S(=O)(=O)Nc2ccc(OC(C)C)cc2)cc1C(=O)O,-26.959761,0
243,Cc1ccc2ncn(CC(=O)NCc3ccccc3F)c(=O)c2c1,-25.125902,0
244,CC(C)c1noc(CCCNc2ncnc3c2cnn3C)n1,-19.743897,0
245,O=C(CCn1cnnn1)N1CCc2[nH]c(-c3cccc(F)c3)nc2C1,-39.796075,1
246,Nn1cc(-c2ccccc2)nc1SCc1nc(-c2ccccc2)no1,-27.713029,0
247,Cc1cc(C)nc(SCC(=O)N([C@@H](C)c2ccccn2)C2CC2)n1,-16.311777,0
248,COc1cc(CN[C@H]2CCN(CC(F)(F)F)C2)cc(Cl)c1OCC(N)=O,-15.5006,0
249,COc1cccc(-c2noc(CN3C[C@H](C)OCC3(C)C)n2)c1,-25.576587,0
250,CC[C@@H](Cn1ccnc1)NC(=O)c1ccc(CSc2ccccn2)cc1,-26.434043,0
251,CCc1ccc(CN2CCN(C)[C@]3(C2)CCC(=O)N(CCOC)CC3)nc1,-19.22896,0
252,COc1ccc([C@H](NC(=O)C(C)C)c2ccc3cccnc3c2O)cc1,-30.777293,1
253,C[C@H](C[S@](C)=O)N(C)[C@@H]1CCCN(c2ccccc2F)C1=O,-24.163751,0
254,COCCn1cnnc1CCNC(=O)Nc1cc(F)cc2c1NC(=O)CC2,-21.948104,0
255,CO[C@@H](C)c1noc(CN2CCCN(c3nc(C)cs3)CC2)n1,-30.883936,1
256,CCOC(=O)c1sc2ncn(CC(=O)NCc3ccccc3C)c(=O)c2c1C,-39.401983,1
257,O=C(c1ccc2nsnc2c1)N(CC(F)(F)F)C1CCOCC1,-18.157176,0
258,CCc1ccc(CC(=O)NCCC(=O)N2CCOCC2)cc1,-21.267557,0
259,CC(=O)c1ccc(NC(=O)N[C@H](CO)Cc2ccccc2)cc1,-30.038138,1
260,CCN1C[C@@H](C(=O)N[C@H](c2ccc(Cl)cc2)C(C)C)CC1=O,-25.551424,0
261,C[C@H](Sc1nc(O)c2ccccc2n1)C(=O)NCc1ccc2c(c1)OCO2,-32.506398,1
262,CC(C)c1ncc2c(n1)CN(Cc1ccc3c(c1)OCCO3)CC2,-19.724311,0
263,Cc1ccc(-c2cc(C(=O)N3Cc4cnn(CCO)c4C3)[nH]n2)o1,-30.60575,1
264,Cc1c[nH]c(C(=O)N2CC[C@]3(C2)CCCN(CCCc2ccccc2)C3)n1,-16.427047,0
265,C[C@H]1CCCC[C@H]1OCCNC(=O)Nc1cccc(CN2CCCC2=O)c1,-26.430093,0
266,COc1ccc(-c2noc(CN(C)C(=O)c3ccc(Cl)cc3)n2)cc1OC,-29.92122,0
267,CCCN1CCC(NC(=O)c2cccc(OCC(C)C)c2)CC1,-30.419898999999997,1
268,Cc1ccc(C(=O)NCc2ccc(C(=O)O)cc2)cc1S(N)(=O)=O,-37.818032,1
269,none,-22.708736,0
270,c1ccc(CN2CCOC3(CCN([C@@H]4CCOC4)CC3)C2)nc1,-16.457749,0
271,CS(=O)(=O)N1Cc2ccnn2[C@H](COCC2CCOCC2)C1,-21.275805,0
272,C[C@@H](NC(=O)[C@@H]1CCCN(c2cnccn2)C1)c1ccc(Cl)cc1Cl,-32.607528,1
273,O=C(O)[C@@H]1CCN(Cc2ccccc2F)[C@@H]2CCCC[C@@H]12,-28.726896999999997,0
274,CCOC(=O)C1=C(C)Oc2ncn3nc(C)nc3c2[C@@H]1c1ccco1,-18.17401,0
275,COc1ccc2c(c1)c(C(=O)CN1CCN(C3CCCCC3)CC1)c(C)n2C,-15.009394,0
276,CCn1nc(C)c(CNc2ccc3c(C)noc3c2)c1C,-18.259947,0
277,COc1ccc(CN(CC(=O)OC(C)(C)C)[C@@H]2CCS(=O)(=O)C2)cc1,-21.362895,0
278,CC(C)[C@H]1CS[C@H]2N1C(=O)[C@]2(OCc1ccccc1)C1CC1,-20.674375,0
279,Cn1c(SCC(=O)O)nnc1-c1cc(C(F)(F)F)ccc1Cl,-29.440313,0
280,CCCc1n[nH]c([C@@H]2CN(C(=O)[C@H](OC)c3ccccc3)CCO2)n1,-22.235301999999997,0
281,CO[C@@H]1CCCN(C(=O)[C@H](C)n2ccnc2-c2ccccc2)C1,-21.392888,0
282,c1ccc(N2CCOC[C@@]3(CCCN(c4ccncn4)C3)C2)cc1,-20.782801,0
283,COCCO[C@H]1CN(C2CCN(Cc3ccc(O)cc3)CC2)C12CCCCC2,-13.359241,0
284,CCn1c(CNc2ccc(N3CCOCC3)cn2)nc2ccccc21,-26.423623,0
285,Cc1ccccc1NC(=O)CSc1nnc(CNC(=O)c2ccccc2)o1,-28.712401,0
286,O=C1NC(=O)N(c2cccc(Cl)c2)C(=O)/C1=C\c1cccn1-c1ccccc1,-21.862012,0
287,COc1ccccc1OCc1nc(CN(C(=O)C2CC2)C2CC2)cs1,-28.009997,0
288,CN(CC(=O)N1CCOCC1)Cc1ccc(Br)o1,-20.141609,0
289,Cc1ccc2n1CCN(C(=O)Cn1ncc3ccccc3c1=O)[C@@H]2C,-27.625719,0
290,COC(=O)[C@@H]1C(c2ccccc2)=N[C@@H](c2ccccc2)[C@H]1C(=O)OC,-25.86551,0
291,O=C(c1cccs1)N1CCCCC[C@H]1c1nc(-c2ccncc2)no1,-28.733651000000002,0
292,Cc1ccn2c(nnc2C(=O)N2CCOC3(CCCC3)C2)n1,-25.218093,0
293,O=C(CCc1ccccc1)[C@@H]1CCCN(C(=O)c2ccc(F)cc2)C1,-28.619287,0
294,CCOC(=O)c1[nH]c(-c2ccco2)nc1NC(=O)Cc1ccccc1,-22.328633,0
295,Cc1ccc(NC(=O)N2CCN(c3cc(N4CCCC4)nc(C)n3)CC2)cc1F,-19.103558,0
296,COc1cc(C(=O)N[C@H](C)c2cc3ccccc3o2)cc(OC)c1OCC(N)=O,-21.024562,0
297,Cc1cccc(OCCNC(=O)[C@@H](C)N2CCc3cncnc3C2)c1,-14.301737,0
298,COc1ccc(C(=O)NC2CCN(CC(=O)N3CCCCCC3)CC2)cc1,-31.397094,1
299,CCC(=O)N1CCC[C@H](C(=O)N[C@H](c2cccs2)c2ccc(F)cc2)C1,-26.213137,0
300,COc1ccc(Cl)cc1NC(=O)c1ccnc(O[C@H]2CCOC2)c1,-23.681342,0
301,Cc1nc(C)c(-c2ccc(=O)n(CCNC(=O)c3ccc(F)cc3F)n2)s1,-26.595473,0
302,COc1ccc(CCNC(=O)CSc2nc3[nH]c(=O)cc(O)c3s2)cc1,-23.493975,0
303,Cc1n[nH]c(C)c1CC(=O)N1CCC[C@H](c2ccnc(C)n2)C1,-11.908408,0
304,COc1ccc(CCNc2nc3ccccc3c(NCCO)n2)cc1OC,-6.875273,0
305,CC(C)c1ccccc1NC(=O)C(=O)NC[C@@H]1CCCC[C@@H]1O,-27.009649,0
306,O=C(C[C@@H]1COCCN1C(=O)Nc1ccccc1)NCCCn1cncn1,-21.625879,0
307,CN1C(=O)C[C@H](C(=O)O)C12CCN(Cc1cccnc1N)CC2,-23.517345000000002,0
308,CO[C@@H]1CCN(C(=O)c2oc3ccccc3c2C)[C@H]2CCO[C@@H]21,-27.503404999999997,0
309,O=C(c1ccc2nccnc2c1)N1CCC[C@H](Oc2ccncc2Cl)C1,-24.308817,0
310,Cc1ccc(S[C@@H](C)C(=O)NCc2nc(-c3ccccc3)n[nH]2)cc1,-26.630535,0
311,Cc1cc(NC(=O)[C@@H](C)Oc2ccccc2C(=O)Nc2ccccc2)no1,-26.898279,0
312,COc1ccc(-c2nc3ncc(Br)cc3[nH]2)cc1,-22.75665,0
313,CO[C@@H]1O[C@@H]2CO[C@H](c3ccccc3)O[C@H]2[C@H](O)[C@H]1NCc1ccccc1,-17.244494,0
314,c1cc2c(c(CNC3CCN(CC4CCCC4)CC3)c1)OCO2,-19.182692000000007,0
315,O=c1c2sccc2ncn1[C@H]1CCc2ccccc2N=C1O,-21.366819,0
316,CCc1ccccc1NC(=O)[C@@H]1O[C@@H]2OC(C)(C)O[C@@H]2[C@H]2OC(C)(C)O[C@H]21,-18.250204,0
317,COc1ccc(C2=NO[C@@H]3C(=O)N(c4ccc5c(c4)OCO5)C(=O)[C@H]23)c(OC)c1,-32.739594,1
318,O=C(CSCc1nc(Cc2ccc(F)cc2)no1)N1CCCC1,-30.109582,1
319,NC(=O)C1=NO[C@@H](CNS(=O)(=O)C[C@@H]2CCC3(CCC3)O2)C1,-24.352145999999998,0
320,O[C@H](CNC1CCN(c2ncccn2)CC1)COC1CCCCC1,-19.946779,0
321,COC(=O)[C@@H]1CC(=O)N(Cc2ccc(-c3nc4ccccc4s3)cc2)C1,-33.760381,1
322,Cc1nc(N2CCN(C=O)CC2)nc2c1C(=O)C[C@H](c1ccco1)C2,-21.542494,0
323,CC(C)c1nn2c(nnc3c2CCCC3=O)c1-c1ccccc1,-24.280524,0
324,Cc1cc2nc(C(C)C)cc(N3CCN(S(N)(=O)=O)CC3)n2n1,-18.797839,0
325,Cc1nc(-c2ccc(NC(=O)N3CCN(c4ccccn4)CC3)cc2)no1,-26.868316999999998,0
326,CCOc1nn(CC)cc1-c1nnc(SCC(=O)NC2CCCCC2)n1C,-20.57507,0
327,COCCCc1nc(-c2ccc(CC[C@@H](C)NC(C)=O)cc2)cs1,-27.30851,0
328,CCn1c(CN2CCOCC2)nc2cc(NC(=O)c3ccc(Cl)cc3)ccc21,-24.443857,0
329,CN(C)c1nc(N2CCC[C@@H](c3ccncn3)C2)ncc1F,-26.162616,0
330,CN1CCC(Cc2noc(-c3cccc(-n4cccn4)c3)n2)CC1,-22.329054,0
331,COc1ccc(Oc2ccc(C(=O)NC[C@@H](O)c3nccn3C)cc2)cc1,-30.007857,1
332,CCN1C[C@@H](C(=O)NCc2cccnc2-n2cccn2)CC1=O,-28.700058000000002,0
333,COc1cccc(-c2cc(C(=O)Nc3c(C)noc3C)c3c(C)nn(C)c3n2)c1,-24.775260999999997,0
334,COc1cc2ncn(C[C@H](O)c3ccc(Cl)cc3)c(=O)c2cc1OC,-36.415682000000004,1
335,COc1ccc(C(=O)NCC2(N(C)C)CCCCC2)cc1F,-17.243519,0
336,CCO[C@H](C)O[C@@H]1C(=O)N(C(=O)c2ccccc2)[C@@H]1c1ccccc1,-19.383492999999998,0
337,Cc1nn(C)c(C)c1CC(=O)Nc1nc(CN2CCC(C)CC2)cs1,-13.776192000000002,0
338,C[C@H]1Cc2ccccc2N1C(=O)CCn1ncc(=O)c2ccccc21,-30.01604600000001,1
339,COc1ccc([C@H]2CCN(C(=O)c3ccccc3C(C)=O)C2)cc1,-31.579157000000002,1
340,CCc1nc(NC(=O)[C@@H]2CC(=O)N(c3ccc(F)cc3F)C2)sc1C,-27.735675,0
341,O=C(COc1ccc(F)cc1F)NCc1ccc(-n2cccn2)cc1,-30.596139,1
342,Cc1ccc(CNc2nc(=S)[nH]c3ccccc32)o1,-21.265631,0
343,Cc1ccc(OCCN)c(C(=O)NCCCc2nccs2)c1,-10.579724,0
344,CC(C)n1nnnc1S[C@H](C)C(=O)N1CCC(Cc2ccccc2)CC1,-18.242222,0
345,O=C(Cc1ccc(F)cc1)NCCN1CCN(c2ccccc2)CC1,-23.147939,0
346,Cc1nc2ccccc2n1CCNC(=O)c1c[nH]c(=S)n1-c1ccc(F)cc1,-16.4165,0
347,O=C(NCCCO[C@H]1CCCc2ccccc21)NCC[C@@H]1CCCO1,-19.823159,0
348,CCCCc1ccc(C(=O)N2C[C@H]3COCC[C@@]3(O)[C@@H]3COCC[C@@H]32)cc1,-19.224626,0
349,CNC(=O)[C@@H]1CN(Cc2nccn2C)CCN(C2CCOCC2)C1,-11.067007,0
350,O=C(Nc1ccc(OCC(F)(F)F)nc1)N[C@@H]1CCS(=O)(=O)C1,-21.822323,0
351,CCN(C)S(=O)(=O)c1csc(C(=O)Nc2ccccc2Cl)c1,-27.601657,0
352,O=C(Cc1ccc([N+](=O)[O-])cc1)NC[C@H](O)Cc1ccccc1,-26.607552000000002,0
353,COCCSc1nnc(NC(=O)c2c(OC)cccc2OC)s1,-26.446694,0
354,CCCC[C@H]1CN(c2ccccc2OC)C(=O)CN1C(=O)c1ccnn1C,-24.578267,0
355,O=c1nc(NCCc2ccccc2)[nH]nc1Cc1ccccc1,-25.433675,0
356,COC(=O)CC[C@@H](C(=O)OC)N1CCC[C@@H](C2(C)OCCO2)C1,-11.647983,0
357,COc1ccc(CC(=O)Nc2ccc3nc(C)sc3c2)c(OC)c1OC,-34.556864000000004,1
358,Cn1c(-c2ccc(Cl)cc2)nnc1N1CCC[C@@H](c2cc[nH]n2)C1,-33.568056,1
359,COC(=O)C[C@@H](NC(=O)c1cc(F)ccc1Br)C1CC1,-22.192828,0
360,Cc1cccc2c(C(=O)N(C)CC3CCN(C)CC3)cc(-c3cnn(C)c3)nc12,-23.207871,0
361,CCOC(=O)COc1ccc([C@@H]2NC[C@@H](C(=O)O)S2)cc1OC,-15.379696,0
362,CNC(=O)C[C@@H](C)N(C)Cc1ccc2c(C)cc(=O)oc2c1,-23.522123,0
363,Cc1ccc(C(=O)OCC(=O)NCc2ccccc2Cl)o1,-28.743074,0
364,COc1cc(C(=O)Nc2ccc3c(c2)NC(=O)[C@@H](C)O3)cc2c1OCCO2,-16.567032,0
365,O=C(NCC1(c2ccccc2)CCOCC1)NC1CCCCC1,-24.149029000000002,0
366,O=C(OCCCc1nc2ncccn2n1)c1ccn2cncc2c1,-35.85911,1
367,COc1cc(OC)c2c(C)c(-c3ccccc3)c(=O)oc2c1,-20.64902,0
368,Cc1cc(-c2noc(-c3cccnc3)n2)c2ccccc2n1,-30.136638,1
369,CCn1c(S)nc2cc(C(=O)NCCSc3ccccc3)ccc2c1=O,-18.954191,0
370,CC(=O)NC12C[C@@H]3C[C@H](C1)CC(C(=O)N[C@H]1CCCc4ccccc41)(C3)C2,-22.904466,0
371,COc1ccc(C(=O)Nc2ccc3nccnc3c2)cc1-c1ccccn1,-23.930935,0
372,O=C(O)[C@@H]1CN(c2ccc(C(=O)N3CCCC3)cn2)C[C@H]1c1ccncc1,-27.97778,0
373,O=C(OC[C@@H]1CC(=O)N(C2CC2)C1)c1ccn(-c2ccccc2)n1,-28.138687,0
374,O=C(C1CCN(Cc2nc(=O)c3ccccc3[nH]2)CC1)N1CCCCCC1,-20.642515,0
375,O[C@H]1CN(Cc2ccc3c(c2)OCCO3)C[C@@H]1N1CCCCC1,-10.092333,0
376,Cc1ccc(NC(=O)Cn2cnc3ccc(Br)cc3c2=O)cc1C,-22.705819,0
377,Cc1nc(-c2cc(NC(=O)[C@H](NC(=O)c3ccco3)C(C)C)c(C)s2)no1,-27.905990999999997,0
378,CC(C)n1cnc([C@@H]2CN(CC3CC3)C[C@@]23CCCN(C)C3=O)c1,-10.295277,0
379,O=C(CCc1cccc(F)c1)N(C[C@H](O)c1ccc(F)cc1)C1CC1,-27.011770000000002,0
380,none,-27.125671,0
381,CCc1cccc([C@@H]2CC(c3ccc(OC)c(OC)c3)=NN2S(C)(=O)=O)c1,-23.979573000000002,0
382,C[C@H](N)[C@@H]1CCCN(C(=O)[C@H]2C[C@@H]2c2cccc(F)c2F)C1,-12.554476,0
383,Cc1ccc(NC(=O)[C@H](Sc2nnnn2C)c2ccccc2)cc1Cl,-26.375390999999997,0
384,CC(C)(C)c1ccc(NC(=O)NC2(C(=O)O)CCC2)cc1,-26.15972600000001,0
385,CCOc1ccc(Br)cc1C=C1C(=O)N(C)C(=S)N(C)C1=O,-23.607039,0
386,C[C@H](C(=O)NC1(C(=O)O)CCOCC1)N1c2cccc3cccc(c23)C1=O,-24.165682999999998,0
387,C[C@@H](OC(=O)c1csc(-c2ccsc2)n1)C(=O)NC(=O)NC1CC1,-27.224965,0
388,O=C1CCCN1[C@@H]1CCCN(c2ccnc3cc(F)ccc32)C1,-24.054113,0
389,C[C@H](NC(=O)c1ccco1)C(=O)OCc1nc2ccccc2s1,-24.752218,0
390,O=C(Cc1ccc(F)cc1)Nc1cnc2ccccc2c1,-30.597540000000002,1
391,CCn1nc(C2CC2)cc1C(=O)NCc1cc2cc(OC)ccc2nc1O,-26.310097999999996,0
392,CS(=O)(=O)N1CCC[C@@]2(C[C@H](Nc3nccs3)CO2)C1,-24.147694,0
393,C[C@@]12CC[C@@H]3[C@H]([C@@H]1CCC2=O)[C@@H](O)C=C1C[C@H](O)CC[C@]13C,-16.459177,0
394,Cc1ccc2c(Cn3cc(C(F)(F)F)ccc3=O)cc(=O)oc2c1C,-33.244033,1
395,Cc1ccc(-c2nc(C)c(C(=O)NCCNC(=O)C3CC3)s2)o1,-24.963198000000002,0
396,COc1cccc(N2CCN(C[C@@H]3CC=CCC3)CC2=O)c1,-28.790959,0
397,Cc1ccc2[nH]c([C@@H]3CCCN3C(=O)CN3Cc4ccccc4C3=O)nc2c1,-31.055206,1
398,COC(=O)Cn1cc(/C=C2/SC(=O)N(CC(=O)O)C2=O)c2ccccc21,-28.76802,0
399,O=C(CN1CC(=O)NC1=O)N[C@H](Cc1ccccc1Cl)c1ccccc1,-31.28479500000001,1
400,CCCc1ccc(OC[C@H](O)CN[C@@H](C)c2ccccc2)cc1,-26.091186999999998,0
401,Cc1ccc(CNC(=O)NC[C@@H]2CC[C@H](O)C2)c(OC(C)C)c1,-22.168625,0
402,COc1cccc([C@H]2C(C(=O)OC[C@@H]3CCCO3)=C(C)Nc3ncnn32)c1,-23.054237,0
403,CN1CCN(c2ncccc2C(F)(F)F)C[C@]12CCC(=O)N(C)CC2,-20.186395,0
404,C[C@@H]1CCCCN1C(=O)CCN1C(=O)c2ccccc2C1=O,-20.124848999999998,0
405,C[C@@H](CC(=O)N1CCN(c2ncccc2C(N)=O)CC1)n1cccn1,-19.841267000000002,0
406,O=C(Cc1cn2ccsc2n1)N[C@@H]1CCSc2ccc(F)cc21,-24.756531,0
407,Cc1cc2oc(=O)cc(C)c2cc1OC[C@H](O)CNC(C)C,-11.801551,0
408,Cc1ncc2c(c1-c1noc(-c3ccc[nH]3)n1)CCN(C1Cc3ccccc3C1)C2,-18.632835,0
409,CC(=O)COc1cc(O)c2c(=O)cc(-c3ccccc3)oc2c1,-32.796657,1
410,Cc1nc(-c2cccs2)sc1CNC(=O)c1ncccn1,-25.546229999999998,0
411,CCS(=O)(=O)c1ccc(O)c(NC(=O)[C@@H]2CCCc3[nH]ncc32)c1,-18.676598000000002,0
412,Cc1ccc(NC(=O)Cn2cc(Br)ccc2=O)nc1,-27.063696999999998,0
413,CCS(=O)(=O)[C@H]1[C@H](c2cccc(Cl)c2)C1(CO)CO,-18.659153,0
414,Cn1c2nc(NCCNC(=O)C3CC3)n(Cc3ccccc3)c2c(=O)n(C)c1=O,-24.629339,0
415,O=c1[nH]c2nc(NCCCn3cccn3)ncc2c(=O)n1Cc1ccccc1F,-26.5019,0
416,NC1(CO)CCN(c2ccc3nnc(-c4cc(Cl)cc(Cl)c4)n3n2)CC1,-19.331075,0
417,COCc1cccc(C(=O)N(C)c2ccc(Cl)nc2)c1,-31.219877,1
418,COCC[C@@]1(C(=O)O)CCCN(S(=O)(=O)c2ccc(F)cc2C)C1,-19.385219,0
419,Cc1nonc1OCCCNc1ccc([N+](=O)[O-])c2cccnc12,-19.609284,0
420,COc1cccc2c1OCCCN(C(=O)c1cc(=O)n(C)c(=O)n1C)C2,-20.955018,0
421,CC(C)(C)Oc1ccc(C(=O)N2CCN(Cc3ccon3)CC2)cn1,-32.455278,1
422,O=C(CN1CCN(C(=O)Cc2cccc(F)c2)CC1)Nc1ccccc1Cl,-42.927141999999996,1
423,CO[C@]1(C)C[C@@H](NC(=O)CCn2c(S)nc3ccccc3c2=O)C1(C)C,-18.689951,0
424,O=C(NC1CC1)c1ccc2c(c1)N(Cc1ccccc1)C(=O)CS2,-29.838510999999997,0
425,COc1cc2oc(=O)c(CC(=O)N=c3[nH]c4ccccc4[nH]3)c(C)c2cc1OC,-22.408393,0
426,CN(CCOCC1CC1)C(=O)Nc1ccc([S@](C)=O)c(F)c1,-21.510522,0
427,C[C@H](OC(=O)CCNC1=NS(=O)(=O)c2ccccc21)C(=O)c1ccccc1,-22.378892999999998,0
428,CC(C)(O)[C@@H](O)C(=O)N[C@H](c1ccccc1)c1ccc(F)cc1,-28.856852000000003,0
429,CS(=O)(=O)Nc1nc2ccc(C(=O)N=c3[nH]c4ccccc4[nH]3)cc2s1,-35.46635399999999,1
430,CCN(c1ccc(NC(=O)CN2C(=O)c3ccccc3C2=O)cc1)C(C)C,-15.580348999999998,0
431,Cc1c(C(=O)OCC(=O)NCc2ccc(C)cc2)sc2nc(C)[nH]c(=O)c12,-34.934784,1
432,OC1(Cc2cccc(F)c2)CCN(c2ncnc3cc(F)c(F)cc32)CC1,-30.313940000000002,1
433,Cc1nc2ncnn2c(C)c1CCC(=O)N(C)Cc1cccc2ncccc12,-21.901795,0
434,COc1ccc(OC)c(N(CC(=O)N(C)C2CCCC2)S(C)(=O)=O)c1,-17.61017,0
435,COc1ccc(C[C@H]2CN(Cc3ccc4nonc4c3)CCO2)cc1,-39.671538,1
436,Cc1nc[nH]c1C(=O)NC[C@@H]1CCN(c2cnn(C)c(=O)c2)C1,-32.312871,1
437,O=C(Cc1cccc2ccccc21)NCc1nnnn1-c1ccc(Cl)cc1,-35.628895,1
438,COc1ccc(CCCC(=O)Nc2cccc(C(=O)N3CCC[C@H](O)C3)c2)cc1,-30.730421000000003,1
439,CN(Cc1nc2ccccc2n1C)c1ccnc(-c2ccccc2)n1,-26.53929500000001,0
440,CC(C)c1cc(C(=O)NCCCCc2ccccc2)n(C)n1,-21.175359,0
441,COc1cc(NC(=O)c2cc(C3CC3)nc3onc(C)c32)cc(OC)c1OC,-27.601383000000002,0
442,Cc1nc(C)n(-c2ccc(C(=O)Nc3ccc(F)cc3Cl)cc2)n1,-28.37463300000001,0
443,CN(CC(=O)N1CCC[C@@H](Cc2nc(C3CC3)no2)C1)S(C)(=O)=O,-14.826977,0
444,CC1(C)S[C@H]2[C@H](NC(=O)[C@H](N)c3ccccc3)C(=O)N2[C@H]1C(=O)O,-37.272412,1
445,C[C@H]1CCCN(c2ncc(CN3CCC4(CC3)NC(=O)N(C)C4=O)cn2)C1,-14.663635999999999,0
446,COc1ccc(NCc2cc(Cl)ccc2O)cc1OC,-23.477318,0
447,Cn1cc(S(=O)(=O)N2C[C@@H](C(=O)O)[C@H](C3CC3)C2)c(=O)n(C)c1=O,-36.865766,1
448,Cn1c2nc(CN3CCCCC3)n(C/C=C\c3ccccc3)c2c(=O)n(C)c1=O,-15.594021,0
449,O=C(c1cc(Cl)c[nH]c1=O)N1CCC[C@@H](C(=O)N2CCOCC2)C1,-33.683889,1
450,CC(C)c1cc(CN(C)c2nccc(-c3ccccn3)n2)no1,-23.328712,0
451,O=C(NC[C@H]1CCS(=O)(=O)C1)c1ccc(Cl)cc1F,-23.06819500000001,0
452,Cc1ccc(NS(=O)(=O)c2cccc3cccnc32)cc1,-25.064830999999998,0
453,O=C(Cc1coc2ccccc12)N[C@@H]1c2ccccc2[C@@H]2CNC[C@@H]21,-20.533103,0
454,FC(F)C(F)(F)CCN1CC[C@H]2OCc3cnnn3[C@H]2C1,-20.008933,0
455,CCOc1cccc(CNc2ccc(OC)c(OC)c2)c1O,-28.458338,0
456,CC[C@@H]1CCc2c(sc(NC(=O)c3cnccn3)c2C(=O)OC)C1,-21.739707,0
457,COc1ccc(C(=O)OCC(=O)c2cc3ccccc3o2)cc1[N+](=O)[O-],-25.026212,0
458,CSc1ncc(C(=O)OCC(=O)c2ccc[nH]2)n1-c1ccc(F)cc1,-26.242971,0
459,COc1cccc(CN2CCN(Cc3ccnc(N4CCCC4)n3)CC2)c1OC,-19.787937,0
460,COc1ccc(S(=O)(=O)C[C@@H](C)C(=O)N2CC[C@H](C(=O)O)C2)cc1,-32.331567,1
461,Cc1cc(Sc2nnc(C3CC3)n2C2CC2)nc(C)n1,-13.935720000000002,0
462,COC[C@H]1CN(C)CC12CCN(C(=O)Cc1ccc3c(c1)OCO3)CC2,-20.268027,0
463,O=C(NC1CCCCC1)[C@@H]1Cc2nc[nH]c2C2(CCCCC2)N1,-11.771091,0
464,CCOc1ccc([C@@H](N)c2n[nH]c(CCN3CCOCC3)n2)cc1OC,-15.209945999999999,0
465,COCCNC(=O)c1sc2cccc(F)c2c1Cl,-20.537429,0
466,CC(C)n1ncc2cc(C(=O)N(C)[C@@H](C)c3ccc(F)cc3)cnc21,-26.802279,0
467,CCOC(=O)C(Nc1ncnc2onc(-c3ccc(F)cc3)c21)C(=O)OCC,-12.861871,0
468,O=C(c1n[nH]c2ccccc21)N1CC[C@@H](Cc2noc(C3CCOCC3)n2)C1,-28.939246999999998,0
469,CSCC[C@@H](C(=O)NC1CCCCCC1)N1Cc2ccccc2C1=O,-22.138838,0
470,Cc1ccc([C@@H](C)NC(=O)CCCc2nc(C(C)(C)C)no2)o1,-25.477246,0
471,O=C(CC(C1CCC1)C1CCC1)N1CC[C@@](CO)(C(F)(F)F)C1,-12.762238,0
472,CC[C@@H](CNC(=O)[C@H](C)Sc1nnc2n1CCCCC2)c1ccccc1,-17.94671,0
473,Cc1nc(N(C)C)ncc1C(=O)Nc1ccccc1CN1CCCC1,-23.449763,0
474,CN(C)S(=O)(=O)c1cccc(C2=N/C(=C/c3ccsc3)C(=O)O2)c1,-30.91661400000001,1
475,CN(Cc1nc2ccsc2c(=O)[nH]1)C(=O)NCC(C)(C)N1CCOCC1,-16.941921,0
476,O=C(NC[C@H]1CCCO1)c1nc2c(nnn2Cc2cccc(Cl)c2)c(O)n1,-22.187239,0
477,NC(=O)[C@H]1CC(C(=O)OC[C@@H]2CCCO2)=NN1c1ccccc1,-29.014841999999998,0
478,CN(C)c1cncc(O[C@@H]2CCN(C(=O)Cn3cccc3)C2)n1,-30.822803000000004,1
479,CC[C@H](C)[C@@H](NC(=N)O)C(=O)N1Cc2ccccc2OC[C@@H]1C,-21.404916,0
480,O=C(CSc1nnc2[nH]c(=O)cc(-c3ccccc3)n21)NCc1ccco1,-27.677335,0
481,O=C(O)c1cc(F)ccc1NS(=O)(=O)c1ccc(F)c(F)c1F,-34.698496,1
482,COC(=O)c1ccc(C(=O)OC)c(S(=O)(=O)N2CCCCCCC2)c1,-18.888038,0
483,O=C(O)[C@H]1CCC(=O)N(CCc2cccnc2)[C@H]1c1ccco1,-30.997315999999998,1
484,Cc1ccc(C)c(S(=O)(=O)N2CC[C@@H](Oc3ccnc(C)n3)C2)c1,-21.738874,0
485,O=C(N[C@H]1CCS(=O)(=O)C1)c1cc2sccc2n1Cc1ccccc1F,-30.419486,1
486,COC(=O)[C@H](C)Sc1ccccc1C(=O)Nc1ncc(C)s1,-18.444479,0
487,O=C(O)[C@H](c1c[nH]c2ccc(CO)cc21)N1CCN(CCN2CCCC2)CC1,-14.374529,0
488,COc1ccc(C(=O)N[C@@H]2CC(=O)N(Cc3ccccc3)C2)c(OC)c1,-38.176402,1
489,O=C(CN1CCN(Cc2ccccc2)CC1)Nc1ccc2c(c1)CCC2,-20.214484,0
490,CNCc1nnc(SCc2cc(C3CCCCC3)no2)n1C,-11.808169,0
491,NC(=O)c1cccc(C(=O)N[C@@H](c2cccs2)C2CCCC2)c1,-25.151779,0
492,CC(C)(C)c1ccc(S(=O)(=O)N2CCN[C@H](C(=O)O)C2)cc1,-13.984745000000002,0
493,CC(C)c1cc(C(=O)NCCN2CCN(C(=O)C3CCC3)CC2)n[nH]1,-21.454028,0
494,CCn1ncc(Br)c1C(=O)N[C@@H]1CCCc2c1cnn2C,-25.441605,0
495,CCCn1c(C)c(C)n2c1nc1c2c(=O)n(Cc2ccccc2F)c(=O)n1C,-17.258844,0
496,Cc1cc(C)n(S(=O)(=O)c2cc(Cl)c(Cl)cc2C)n1,-30.01659,1
497,O=C(O)c1nn(-c2ccc(Br)cc2)c(=O)c2ccccc21,-25.255349,0
498,COc1ccc(-n2cccn2)c(CN2CCC[C@@H]2c2cccnc2)c1,-20.348353,0
499,CCn1c(S[C@@H]2CCOC2=O)nc2sc3c(c2c1=O)CCCC3,-17.436336999999998,0
500,Cn1nccc1CN1CCC[C@H](Cc2cc(Nc3ccccn3)ncn2)C1,-20.914361,0
501,Cc1ccc(S[C@H]2CC(=O)N(c3ccc(F)c(F)c3)C2=O)cc1,-27.566345000000002,0
502,Cc1ccc(CNC(=O)N2CCC3(CC2)Nc2cc(Cl)ccc2C(=O)N3)cc1,-32.187012,1
503,CC(C)CCC[C@H]1CN(C(=O)c2ccc(CN(C)C)o2)CCO1,-15.390654000000001,0
504,CC1(C)Cc2cccc(OCC(=O)NCc3ccc(Cl)cc3)c2O1,-17.601082,0
505,C[C@@H](NC(=O)CCc1ccc2c(c1)OCO2)C(=O)N1CCOCC1,-20.664825,0
506,CCCCC(=O)Nc1cc(F)ccc1N1CCCCC1,-17.560958,0
507,COc1c(C)cnc(CN(C)C(=O)c2ccc3c(c2)NC(=O)[C@@H](C)S3)c1C,-24.875204999999998,0
508,CCCCOc1cc(S(=O)(=O)n2cccn2)ccc1Cl,-11.743292,0
509,CSc1nc(C)c(CCC(=O)NCCCOC2CCCCC2)c(C)n1,-17.968503,0
510,Cn1cnc(CNC(=O)CC2(Cn3cnnn3)CCCCC2)n1,-27.857112,0
511,O=C(NCCc1ccc(OC2CCCC2)cc1)C1CC1,-29.922416,0
512,COc1cc2ncn(CC(=O)NCC(=O)N3CCOCC3)c(=O)c2cc1OC,-25.587838,0
513,COc1ccc(S(=O)(=O)Nc2ccc(N3CCOCC3)nc2)cc1,-30.150769,1
514,CCNC(=O)NC(=O)CSc1ccc(S(=O)(=O)N2CCOCC2)cn1,-22.131929,0
515,O=C1N(CC2CCC2)CCC[C@]1(O)CNCc1ccccc1F,-20.222938,0
516,O=C(Cn1c2ccccc2c(=O)c2ccccc21)Oc1cccc([N+](=O)[O-])c1,-27.077505,0
517,O=C(CN1CCN(C(=O)C2CC2)CC1)NCc1ccccc1Cl,-31.759746000000003,1
518,O=C(O)C1CCN(C(=O)c2cccc([C@@H]3CCOC3)c2)CC1,-19.434904,0
519,CCN(C(=O)Cn1cnc2scc(-c3cccs3)c2c1=O)c1cccnc1,-27.686740000000004,0
520,Cc1cc2ncc(C(=O)N3CCN(Cc4ccccc4)CC3)c(C)n2n1,-26.16393,0
521,N[C@H]1CCN(Cc2ccccc2OCCCn2ccnc2)C1,-15.126419,0
522,CNC(=O)[C@H](CC(C)C)NC(=O)c1sc2nc(C(C)(C)C)nc(C)c2c1C,-19.202294000000002,0
523,CCCCNC(=O)Cn1c2ccccc2n(Cc2ccc(Cl)cc2)c(=O)c1=O,-28.001136,0
524,CCCC(=O)Nc1sc(Cc2ccccc2)c(C)c1C(N)=O,-20.604326999999998,0
525,CO[C@@H]1CCN(C(=O)N[C@@H](C)COc2ccccc2C(F)(F)F)[C@@H](C)C1,-22.494797,0
526,COC(=O)[C@H](NC(=O)c1csc(-c2ccccc2OC)n1)c1ccccc1,-22.212528,0
527,C[C@@H](Sc1nnnn1C1CCCC1)C(=O)N1CC(=O)Nc2ccccc21,-15.181257999999998,0
528,Cc1cc(NC(=O)C(=O)NCC[C@H](O)c2cc(C)oc2C)no1,-25.497976,0
529,Cc1nc(CN(C)[C@H]2CCN(CC(=O)N[C@@H](C)c3ccco3)C2)no1,-17.683231,0
530,Cc1ccc2[nH]c3c(c2c1)CCN[C@@H]3c1ccc(F)cc1,-20.135637,0
531,CCOc1ccc(C(=O)NC[C@@H]2CCCO2)cc1COCc1ccccc1,-36.322562,1
532,O=C([C@@H]1CCCO1)N1CCC(NCCc2cnn(-c3ccccc3)c2)CC1,-33.682346,1
533,CC(=O)c1c(C)nc(-c2ccco2)nc1SC(C)C,-23.047567,0
534,O=C(c1ccc([N+](=O)[O-])cc1)N1CCN(C(=O)C2CCCCC2)CC1,-29.44220300000001,0
535,O=S(=O)(c1ccc(Cl)cc1)N(c1ccccc1)[C@H]1CCS(=O)(=O)C1,-25.621541,0
536,Cn1cc(CN2C[C@@H](F)C[C@H]2CNC2CCN([C@@H]3CCOC3)CC2)cn1,-17.425131,0
537,CN1CCC(n2ncc3cc([C@@H]4C[C@H]4c4ccccc4)cnc32)CC1,-21.888759,0
538,C[C@@H]1CCCN(c2ccc(C(=O)N3C[C@@H]4C[C@H]5C[C@H]4[C@H]3[C@@H]5O)cc2[N+](=O)[O-])C1,4.541988,0
539,Cc1cccc(NC(=O)CSc2nc(-c3cccs3)n[nH]2)c1C,-20.64451,0
540,C[C@H](c1ccccc1)N(C)C(=O)NCc1ccc(C(=O)N2CCOCC2)cc1,-31.151811,1
541,COc1ccccc1/C=C/c1ccccc1,-24.975091,0
542,Cn1cc([C@H]2c3sc(=O)[nH]c3S[C@H]3C(=O)NC(=O)[C@@H]32)c2ccccc21,-20.493085999999998,0
543,CCOc1ncccc1CNC(=O)NC[C@H](O)c1ccccc1OC,-25.031485999999997,0
544,CN1CCN(Cc2ccc(OCc3ccccc3)cc2)CC1,-30.877432000000002,1
545,Cc1ccc2c(CSc3nnnn3C3CC3)cc(=O)oc2c1C,-22.061571,0
546,CCOc1ccc(CC(=O)N2[C@@H]3CC[C@H]2C[C@H](NC(=O)c2ccncc2)C3)cc1,-27.25098,0
547,Cc1nccn1CC(=O)N1CCC(CNC(=O)[C@@H]2CCOC2)CC1,-28.29543,0
548,Cc1nn(C)c2nc(OCC(=O)Nc3ccc(C)cc3)cc(C)c12,-32.846927,1
549,Cc1nc(-c2c(C)c(C)nn(C)c2=O)sc1C(=O)NCc1nnc2n1CCC2,-28.932762,0
550,COc1ccc(NC(=O)[C@@H]2CCCN2C(=O)Nc2ccccc2OC)cc1,-21.465788,0
551,COc1ccc2nc(CCNc3nc(C)ncc3S(C)(=O)=O)[nH]c2c1,-23.073687,0
552,Cc1cccc(C(=O)NCCc2ccc(F)cc2)c1,-30.734617999999998,1
553,O=C1c2ccccc2N(Cc2ccc3ccccc3n2)C(=O)[C@@H]2CCCN12,-30.149287,1
554,O=S(=O)(c1cn[nH]c1)N1CCC[C@@]2(CCCN(Cc3ccccc3)C2)C1,-22.777497,0
555,Cn1c2ccc(NC(=O)C[C@H]3NC(=O)N(C4CCCCC4)C3=O)cc2n(C)c1=O,-28.474403999999996,0
556,O=C(Nc1ccccc1)c1ccc(CS(=O)(=O)N2CCCC2)cc1,-35.590011,1
557,O=C(N[C@H]1COc2ccccc2C1)c1cccc(N2CCNC2=O)c1,-36.095209000000004,1
558,O=C(Cc1c(F)cccc1Cl)NCc1ccccc1Cn1cccn1,-31.518538,1
559,CCCCc1cn(C2CCN(C(=O)[C@H](C)N3CCCC3)CC2)nn1,-10.791003,0
560,O=C(CCc1nc2ccccc2s1)N(C1CC1)[C@H]1CC(=O)NC1=O,-36.495406,1
561,Cc1c(Br)c(C(=O)Nc2ccc(C(=O)O)cc2)nn1C,-27.316782,0
562,Cc1ccc(-c2nc(CSCC(=O)NC(C)(C)C)no2)cc1,-28.073276,0
563,COc1cc(C)ccc1OCCOc1ccccc1F,-29.96705900000001,0
564,O=C([C@@H]1CC(=O)N(Cc2ccncc2)C1)N1CC(c2ccccn2)C1,-26.936465000000002,0
565,Cc1cnc(C2CCC2)n1CCNC(=O)CCc1c(C)nn(C)c1C,-6.836133,0
566,C[C@H]1CCc2nc3ccccc3c(C(=O)OC[C@@H]3CCCO3)c2C1,-30.290563,1
567,Cc1ccc(NC(=O)Cn2nnc(-c3ccc(Cl)cc3)n2)cc1[N+](=O)[O-],-28.162915,0
568,C[C@@H]1C[C@@H](C)CN(C(=O)CN2CCC[C@H]2c2cccs2)C1,-24.793854999999997,0
569,CCc1c(N)onc1C1CCN(C(=O)[C@H]2COc3ccccc3O2)CC1,-16.735242,0
570,C[C@H]1C[C@@H]1c1ccc(CN(C)S(=O)(=O)c2ccc3c(c2)OCCCO3)o1,-21.036137,0
571,Cc1ccc(CN(C)c2ccc3nnc(C(F)(F)F)n3n2)cc1,-24.205942999999998,0
572,O=C(CCn1nnnc1CN1CCOCC1)NC1CCCCCC1,-22.829483,0
573,Cc1cccc(S(=O)(=O)N2CC3(C2)CC[C@H](CN(C)C)CO3)c1,-21.214499,0
574,O=C(O)c1ccc(C(=O)NC[C@@H]2CCOc3ccccc32)s1,-29.960404999999998,0
575,Cc1ccc(CN2CCOCC2)cc1N[C@@H](C)c1nccnc1C,-16.240599,0
576,O=C(NCCCc1nc2ccccc2o1)c1ccn(C(F)F)n1,-20.357661,0
577,COc1ccc(S(=O)(=O)C2CCN(C(=O)c3ccno3)CC2)cc1,-25.866986999999998,0
578,Cc1noc(C)c1S(=O)(=O)N[C@@H](C)C(=O)N1C[C@@H](C)[C@H]1c1ccccc1,-24.88395,0
579,C[C@@]1(C(=O)N2CCN(c3ncccc3C(N)=O)CC2)CCNC1,-21.59911,0
580,C[C@H](CNS(=O)(=O)c1ccc(F)c(F)c1)N1CCN(c2ccccc2)CC1,-24.808245,0
581,COC(=O)CCCC(=O)N[C@@H]1CCCc2nc(-c3cccnc3)ncc21,-19.439797,0
582,COc1ccc(CNC(=O)c2ccc([C@@H]3CCCNC3)cc2)c(OC)c1,-17.210435,0
583,C[C@H](Sc1nnc(NC2CC2)s1)C(=O)N1c2ccccc2C[C@@H]1C,-18.478438,0
584,O=C1CCN(Cc2ccccc2)[C@H](c2ccccc2)C1,-25.077051,0
585,COC(=O)c1sccc1NC(=O)CCc1ccc(OC)cc1,-20.79008,0
586,CCS(=O)(=O)N1CCC[C@H](C(=O)NCCc2ccc(OC)c(OC)c2)C1,-18.609778,0
587,Cc1ccccc1C(=O)N1CCC(C(=O)Nc2ccc3c(c2)C[C@@H](C)O3)CC1,-25.308375,0
588,CCC[C@@H]1CN(C(=O)c2ccc(CSC)o2)C[C@H]1NS(C)(=O)=O,-22.766596,0
589,Cc1cc(=O)c2ccccc2n1CC[C@@H]1CCCCN1C,-16.058657999999998,0
590,O=C(N1CCCC1)N1CCO[C@H]2[C@@H](OCc3ccccn3)CC[C@@H]21,-18.532176999999997,0
591,O=C1NC2(CCCCCCC2)C(=O)N1C/C=C/c1ccccc1,-23.671443,0
592,COC(=O)[C@@H]1OC2(O[C@@H]1C(=O)OC)c1ccccc1-c1ccccc12,-17.905644,0
593,Cc1nc(-c2noc3ccc(C(=O)NCc4ccncc4)cc32)cs1,-29.707057,0
594,Cc1cccc(CS(=O)(=O)N2CCN(C[C@H](O)C3CC3)CC2)c1,-25.759225,0
595,C[C@H](C(=O)N1CCC(Oc2ccc(F)cc2)CC1)n1cnc2ccccc21,-19.133029999999998,0
596,CC1(C)[C@H]2CC[C@@]1(C=C(Br)Br)[C@@H](O)C2,-24.814860999999997,0
597,C[C@H](c1cccc([N+](=O)[O-])c1)N(C)C(=O)C[C@H]1C=CCC1,-24.701806,0
598,CCOc1ccc(O[C@@H](C)C(=O)NCCCn2ncccc2=O)cc1,-30.677690000000002,1
599,COc1ccc(-c2nnc(COc3ccc(F)cc3)o2)cc1,-31.854133,1
600,CCN1CCO[C@H](C(=O)N[C@@H]2CCCN(C3CCCCC3)C2)C1,-14.988920000000002,0
601,Cn1nnc2c1CCN(C(=O)c1ccoc1)[C@H]2COCC1CC1,-19.100499,0
602,COC(=O)[C@@H](c1cccc(Cl)c1Cl)N(C)C[C@H]1CCOC1,-19.444097,0
603,CC(C)C[C@H](NC(=O)[C@@H]1O[C@@H](C)C[C@@H]1C)C(=O)Nc1nccs1,-17.428465,0
604,C[C@H](C(=O)N1CCCCC1)N1c2ccccc2C(=O)N2CCC[C@H]2C1=O,-12.00418,0
605,CC(C)CCNC(=O)C1CCN(C(=O)c2ccccc2)CC1,-25.243519,0
606,CCOc1ccc(-c2noc(CN3CCn4ccnc4C3)n2)cc1,-29.039157,0
607,COc1ccccc1-c1cnc2n1C[C@]1(CCN(Cc3ccccn3)C1)C2,-23.379082999999998,0
608,O=C1CCCN1CCc1nc(-c2cccc(Br)c2)cs1,-30.435176000000002,1
609,CCN(C(=O)COC[C@@H]1CCCO1)c1ccc(N2CCOCC2)cc1,-23.691689,0
610,CCN(CC)c1cc(NCc2ccccc2)c([N+](=O)[O-])c2nonc21,-20.036389,0
611,CC1CCC2(CC1)NC(=O)N(NC(=O)C1CCN(S(C)(=O)=O)CC1)C2=O,-9.261655000000001,0
612,CN1N=C(C(=O)Nc2ccc3nc(C4CC4)oc3c2)CCC1=O,-28.746147999999998,0
613,CCNS(=O)(=O)c1ccc(CCC(=O)N2CCCCC2)cc1,-18.512247,0
614,O=C(NCc1cccnc1)c1ccc(-c2cccs2)nc1,-29.406684999999996,0
615,CC(C)[C@@H](NC(=O)CN1CCN(Cc2ccccn2)CC1)c1ccccc1,-21.695497,0
616,CCCn1nc(C)c(C(=O)N[C@H]2c3ccccc3C[C@H]2O)c1C,-13.913875,0
617,C[C@@H]1C[C@H]1C(=O)Nc1ccc2oc(C(C)(C)C)nc2c1,-24.952579999999998,0
618,CC[C@@H](C(=O)Nc1ccc(F)cc1F)n1cnc2oc(C)c(C)c2c1=O,-32.58099,1
619,Cc1nn(C[C@H](O)c2ccc3c(c2)OCCO3)c(=O)c2ccccc12,-35.51294199999999,1
620,CCc1ccc(CCC(=O)N2CCN([C@@H]3CCC[C@@H]3O)CC2)cc1,-12.231043,0
621,CSc1ncccc1C(=O)N1CC[C@@H](S(C)(=O)=O)C1,-15.453221,0
622,COC(=O)Cn1cnc2c(-c3ccc(F)cc3)csc2c1=O,-25.230314,0
623,Cc1cc(C[S@](=O)Cc2ccc(C(C)(C)C)cc2)no1,-24.015415,0
624,COc1cc2c(c(CNCCn3cc(C)cn3)c1)O[C@@H](C)C2,-23.494398,0
625,Cc1cc(OCC(=O)Nc2ccncc2)ccc1Br,-28.204646,0
626,OC1=C2C(=Nc3nonc3N[C@H]2c2ccnc3ccccc32)CCC1,-20.169554,0
627,O=C(Cc1ccc(Br)cc1)NCCc1cccs1,-30.716447,1
628,Cc1csc(NC(=O)CN2CCC[C@H](c3ncncc3-c3cc(C)no3)C2)n1,-17.597472,0
629,Cc1nnc(COc2ccc(NC(=O)c3ccccc3)cc2)o1,-25.883337,0
630,CCOc1ccccc1N1C[C@H](C(=O)Nc2cc(C)on2)CC1=O,-17.398424,0
631,Cc1cc(C)c(C(N)=O)c(-c2ccc(C(=O)N3CCCC3)cc2)n1,-25.034395,0
632,CC(C)N(C)Cc1nnnn1CC(=O)N(C)C[C@H](O)c1ccccc1,-14.313004000000001,0
633,C[C@@]12C[C@@H](CC(C)(C)C1)N(C(=O)CCNc1nc(Cl)nc3[nH]cnc31)C2,-28.289108000000002,0
634,Cc1ccc(C(=O)N(C)[C@H]2CCCN(C3Cc4ccccc4C3)C2)s1,-20.485522,0
635,COc1nc(N(C)[C@@H]2[C@H]3CCO[C@H]3C2(C)C)nc(N2CCCCCC2)n1,-16.876723000000002,0
636,COc1ccccc1NC(=O)[C@@H](C)N1CCN(Cc2ccccc2F)CC1,-13.341601,0
637,COc1ccc(C2=CCN(C(=O)c3ccc(Br)o3)CC2)cc1,-36.499184,1
638,NC(=O)[C@H](NC(=O)[C@H]1CC(=O)N(c2ccccc2)C1)c1ccccc1,-29.705319,0
639,NS(=O)(=O)Cc1ccc(CNC(=O)CC2CCCC2)cc1,-23.501239,0
640,Cc1ccc2nc(C)c(C(=O)NCc3ccccc3O)cc2c1,-26.630221999999996,0
641,COC(=O)c1ccc(NC(=O)CN(c2ccc(C)c(C)c2)S(C)(=O)=O)cc1,-24.594214,0
642,O=C(Nc1ccc(N2CCOCC2)c2ccncc12)c1ccc([N+](=O)[O-])cc1,-32.55814,1
643,COc1cccc(F)c1[C@@H](C)NC(=O)N(C)Cc1cnccn1,-26.576965,0
644,Cc1cc(SCC(=O)c2ccc3c(c2)NC(=O)CO3)nc(C(C)C)n1,-23.529802,0
645,O=C1NC2(CCCCCC2)C(=O)N1Cc1nc(-c2cccs2)no1,-19.682925,0
646,O=C(Cc1cc(F)ccc1F)N1CCN(c2cncc3ccccc32)CC1,-21.991927,0
647,Cn1ccnc1SCc1nccn1Cc1ccc(Cl)cc1,-22.688067,0
648,O=C(NCCc1nccs1)[C@H]1CC(=O)N(c2n[nH]c3ccccc32)C1,-40.050121999999995,1
649,COc1ccc(CCC(=O)NCc2cccc(C(F)(F)F)c2)cc1OC,-29.45865,0
650,C[C@H](Cn1cc(Br)cn1)C(=O)N1N=CC[C@]1(O)C(F)(F)F,-24.28118,0
651,O=C([C@@H]1CCCC[C@H]1C(=O)N1CCCSCC1)N1CCCC1,-19.877474,0
652,Cc1ccc(-c2nnc(NC(=O)c3ccccc3C)o2)c(C)c1,-27.792833,0
653,CN(C)C(=O)[C@@H]1CCCN1CCCNC(=O)c1cccc(F)c1,-14.592742000000001,0
654,COCCOc1ccc(C(=O)Nc2ccc(C(=O)N3CCCC3)cc2)cc1,-23.133705,0
655,O=C(NCCc1ccc2c(c1)OCO2)c1ccn(CC(F)F)n1,-28.936776000000002,0
656,CCc1cccc(NC(=O)N2CCC(C(=O)N3C[C@@H](C)O[C@H](C)C3)CC2)c1,-27.330935999999998,0
657,O=S(=O)(c1cccc(-c2nnc(S)o2)c1)N1CCOCC1,-23.51463,0
658,CC(C)[C@H]1OCC[C@@H]1CNC(=O)Cc1ccc([N+](=O)[O-])cc1,-22.926810999999997,0
659,O=C(CCc1ccc(Br)cc1)C1CC1,-23.309495000000002,0
660,O=C(CSc1ccccc1C(=O)Nc1ccccc1)N1CCCC1,-24.843042999999998,0
661,O=C(O)[C@@H]1C[C@H]2CCCC[C@@H]2N1Cc1ccc(Br)s1,-24.895172,0
662,CCOC(=O)c1c(C)nsc1NC(=O)c1ccc(F)cc1Cl,-24.579627,0
663,CCn1cc(CNC(=O)N2CCN(C(=O)c3ccccc3OC)CC2)cn1,-20.258366,0
664,CNC(=O)c1cccc(CNC(=O)N2CCC[C@@H](C(N)=O)C2)c1,-21.319000000000006,0
665,O=C([C@@H]1COc2ccccc2O1)N(Cc1ccccn1)c1ccc(F)cc1,-30.688028999999997,1
666,COc1ccc([C@H]2Cn3cc(C(=O)NC4CC4)nc3C(=O)N2)cc1,-17.236237,0
667,CCCCN(Cc1ccccn1)C(=O)c1cnc2ccccn2c1=O,-32.397299,1
668,COc1c(C)cnc(CN2CC[C@@]3(CCCO3)CCC2=O)c1C,-14.092679,0
669,Cc1ccc(CN[C@@H](C)C[C@@H](O)c2cccs2)o1,-18.690282,0
670,COc1ccc([C@H]2[C@H]3[C@@H](C)NC(=O)N(C)[C@@H]3NC(=O)N2C)c(OC)c1,-21.218015,0
671,Cn1cnc(S(=O)(=O)N2CCC[C@H]2c2cc(Nc3ccccn3)n[nH]2)c1,-28.643673,0
672,Cc1nnc(SCC(=O)NCCCN2CCCC2=O)n1-c1cccc(C)c1,-25.167396,0
673,C[C@H](NCc1c(Cl)nc2ccccn21)[C@H](C)n1cccn1,-22.160775,0
674,CCC[C@H](NC(=O)[C@H]1CC(=O)N(C2CCCC2)C1)c1ccccc1,-20.646355,0
675,COc1ccc(NC(=O)NC[C@H](O)CO[C@H](C)c2ccccc2)cn1,-27.278015000000003,0
676,COc1ccc([C@@H]2CN(C(=O)c3ccco3)C[C@H]2C(=O)NCC(C)C)cc1,-28.04240900000001,0
677,Cc1cn[nH]c1C[C@H]1CCCN(C(=O)c2cc(=O)c3ccccc3o2)C1,-30.162491999999997,1
678,O=C(CCOc1cccc([N+](=O)[O-])c1)NCc1ccc(F)cc1,-22.510811999999998,0
679,O=C(CCc1cc(F)ccc1F)N1CCN([C@@H]2CCC[C@H]2O)CC1,-18.256717000000002,0
680,CC(C)=C1N=C2NC(=O)C[C@H](C(=O)Nc3cccc(Cl)c3C)N2N1,-17.55276,0
681,Cc1ccc(NC(=O)COC(=O)c2ccc([N+](=O)[O-])cc2)cc1C,-25.652059,0
682,CC(C)c1ccc(Nc2cc3c(cc2[N+](=O)[O-])[nH]c(N)c3C(N)=O)cc1,-25.359018,0
683,Cc1cc(N2CCN(S(=O)(=O)Cc3cc(F)ccc3F)CC2)ncn1,-30.186863,1
684,Cc1[nH]c2ccccc2c1[C@@H](CC(=O)c1ccccc1)C(=O)O,-34.738935999999995,1
685,CO[C@@H]1CN(c2cccc(F)c2)C12CCN(C1CCOCC1)CC2,-10.779069,0
686,COc1cc(=O)n(-c2ccc(C)cc2)nc1C(=O)Nc1ccc2c(c1)OCO2,-30.665994,1
687,Cc1ccc2nc(CN(CCO)[C@@H]3CS(=O)(=O)C[C@H]3O)cc(=O)n2c1,-33.845968,1
688,O[C@@H](CNC1CCSCC1)c1cccc(C(F)(F)F)c1,-13.770522,0
689,CCN1C[C@@H](C(=O)N2CCCC[C@H]2Cn2nc(C)cc2C)CC1=O,-20.814718,0
690,Cc1ccccc1-n1nnnc1SCC(=O)N(Cc1ccccc1)C(C)C,-23.986455,0
691,O=C(CN1CC(=O)Oc2ccccc21)Nc1ccc2c(c1)OCCO2,-27.272890999999998,0
692,CCCC(=O)Nc1cccc(C(=O)NCCN2CCCC[C@@H]2CO)c1,-22.564341,0
693,c1cnc(N2CCC[C@]3(CN(Cc4cccnc4)CCO3)CC2)nc1,-21.347391000000002,0
694,O=C(C[S@@](=O)Cc1cccc(Cl)c1)N1CCN(C(=O)c2ccco2)CC1,-38.690090999999995,1
695,CC(=O)N1CCC[C@@H]1C(=O)N1Cc2ccccc2N(C)C[C@H]1C,-18.107248000000002,0
696,Cc1nn(C)c(C)c1[C@H]1CCCN1C(=O)c1ccc2c(c1)CCCC2,-13.163976000000002,0
697,Cc1cc(N(C)C)cc([C@H]2CCN(C(=O)Cc3cccs3)C2)n1,-26.823128000000004,0
698,Cc1ccc([N+](=O)[O-])cc1S(=O)(=O)NCCCc1cccc(OC(C)C)c1,-26.298881,0
699,CN(C(=O)Cc1ccsc1)[C@H]1CCCN(C2Cc3ccccc3C2)C1,-28.80959600000001,0
700,COCCOc1cccc(C(=O)N2CCN(C[C@H](C)O)CC2)c1,-19.562288,0
701,CCc1cc2c(ncnc2N2CCC(c3noc(C4CC4)n3)CC2)s1,-18.037049,0
702,CCOc1ccc2c(n1)CCN(C(=O)c1cccc(OC)c1OC)C2,-23.835148999999998,0
703,C[C@@](O)(CNC(=O)N[C@@H]1CCOC2(CCCCC2)C1)c1ccco1,-22.435825,0
704,COc1ccccc1[C@]1(O)CCCN(C[C@H](O)c2ccccc2)C1,-23.461998,0
705,CC[C@H](NC(=O)COCc1nc(C)no1)c1cc(F)ccc1F,-25.798558,0
706,O=C(NCCNS(=O)(=O)c1ccc(F)cc1F)c1ccc(F)cc1F,-30.679653000000002,1
707,Cc1ccccc1NC(=O)[C@@]1(C)CC(c2ccccc2)=NO1,-32.292804,1
708,COc1ccc(C(=O)COC(=O)c2ccccc2)c(OC)c1,-30.803383,1
709,Cc1n[nH]c(-c2ccccc2NC(=O)CSCc2ccccn2)n1,-18.124623,0
710,O=C(CNC(=O)c1ccccc1Cl)N1CCC[C@H]1c1ccccc1,-22.456543,0
711,CCN(Cc1ccccc1[N+](=O)[O-])C(=O)c1cccc(N(C)C)c1,-30.005484999999997,1
712,Cc1ccc(-c2nc(C)c(C(=O)N[C@H](C)[C@@H]3CCCO3)s2)o1,-24.087962,0
713,COc1ccc(CCNC(=O)[C@H]2CC(=O)N(Cc3ccco3)C2)cc1OC,-26.276073999999998,0
714,Cc1cc(C(=O)OCc2nnc(-c3cccs3)o2)c(C)o1,-27.148048,0
715,CN(C)c1cc(C2CCN(C(=O)C3CC3)CC2)nc(-c2cnccn2)n1,-22.669358,0
716,CCc1n[nH]c([C@@H]2CN([C@@H](C)C(=O)Nc3cc(C)on3)CCO2)n1,-23.165262,0
717,COc1ncccc1C(=O)N[C@H]1CCc2nnc(C(C)C)n2C1,-14.824047,0
718,CCCCOc1ccc(C(=O)NCC(=O)NCc2ccncc2)cc1,-27.828196000000002,0
719,CNC(=O)[C@H]1C[C@@H]2CN(Cc3ccc(C)cc3)C[C@@H]2N1S(C)(=O)=O,-21.696191,0
720,COc1cc(/C=c2/sc3nc4ccccc4n3c2=O)cc2sc(=O)oc21,-33.151108,1
721,Cn1nc(-c2cccs2)cc1C(=O)NCc1nc2ccccc2[nH]1,-29.147084999999997,0
722,CCCc1cc(NS(=O)(=O)c2c[nH]c(C(=O)N3CCCC3)c2)n[nH]1,-20.474525,0
723,O=C(Nc1cccc(C(F)(F)F)c1)[C@@H]1CCC(=O)N1Cc1cccs1,-26.244622999999997,0
724,O=C(NS(=O)(=O)c1cccnc1)[C@@H]1C[C@]12CCOc1ccccc12,-23.545704999999998,0
725,C[C@H](O)c1ccccc1NC(=O)[C@H](C)N1CCN(c2nccs2)CC1,-26.319096999999996,0
726,COc1cc(N2CCn3c(nc4ccccc43)C2)ccc1NC(=O)C(C)C,-25.683892999999998,0
727,O=C(NCc1cc2ccccc2[nH]1)Nc1cnn(C[C@H]2CCCO2)c1,-26.71969600000001,0
728,Cc1ccc(-n2c3ncccc3n(CC(=O)NCc3ccccc3C)c2=O)cc1,-31.456509000000004,1
729,COCCn1c2ccc(C)cc2s/c1=N/C(=O)c1cccc(OC)c1OC,-24.663495,0
730,C[C@@H](Sc1ccccc1C(=O)N1CCC[C@@]2(CC=CCC2)C1)C(N)=O,-28.930769,0
731,C[C@@H]1CN(C(=O)c2ccc(CNC(=O)C[C@H]3C=CCC3)cc2)C[C@@H](C)O1,-35.310025,1
732,Cc1ncsc1C(=O)N(C)CC(=O)N1CCC[C@H](C(=O)O)C1,-33.851726,1
733,Cc1nc(CCCNC(=O)[C@H](c2ccccc2)n2cnnn2)sc1C,-27.183647999999998,0
734,C[C@H](CCc1ccccc1)NC(=O)Nc1ccccc1,-22.820610000000002,0
735,Cc1nc(O)cc([C@@H]2CN(C(=O)c3cccs3)CCO2)n1,-18.148635000000002,0
736,Cc1cc(C)n([C@@H](C)CC(=O)N[C@@H]2CCOc3ccc(F)cc32)n1,-19.519675,0
737,COc1ccc(CN(C)[C@H](C)C(=O)Nc2cc(F)ccc2F)cc1F,-30.57221,1
738,O=C(O)c1cnc(N2CCN(c3ccccc3)CC2)[nH]c1=O,-21.431110999999998,0
739,CN(C)c1ncnc2c1CN(C[C@H](O)COc1ccc(F)cc1)CC2,-24.731526000000002,0
740,O=C([C@H]1CCC(=O)N(CCc2cccc(F)c2)C1)N1CCNC(=O)C1,-24.49076,0
741,Cc1cc(C)c(NC(=O)CSCc2cccs2)c(C)n1,-25.44037,0
742,CCCNC(=O)[C@H]1CCCN(S(=O)(=O)c2ccc(OCC)cc2)C1,-18.544065,0
743,CCN(Cc1cc2ccccc2[nH]c1=O)C(=O)c1cccc(C)c1,-26.405519,0
744,CN(Cc1ccc(Cl)cc1)CN1C(=O)[C@@H]2CCCC[C@@H]2C1=O,-21.96407,0
745,O=C(O)c1cc(-c2cccc(Cl)c2)nnc1Cl,-32.134205,1
746,Cc1occc1C(=O)N1CCn2c(Cn3cncn3)cnc2C1,-21.347514999999998,0
747,O=C([C@H]1[C@H]2[C@@H]1[C@H]1CC[C@H]2C1)N1CCC(C(=O)N2CCCCC2)CC1,-31.404795,1
748,Nc1n[nH]c(SCC(=O)N[C@H]2COc3ccccc3C2)n1,-23.393997,0
749,C[C@]12CCN(C(=O)CO)[C@H]1CCC(=O)N2Cc1ccccc1,-24.935334,0
750,Cc1cccc(CN2CCC[C@@]3(CCN(CC(=O)N4CCOCC4)C3)C2=O)c1,-28.018366999999998,0
751,Cc1nc(=O)[nH]c(C)c1CCC(=O)N(C)Cc1csc(C(C)C)n1,-20.056823,0
752,CC(C)c1noc([C@H]2CCCN2C(=O)c2sccc2S(N)(=O)=O)n1,-24.140491,0
753,Cc1oc2ccccc2c1CNC(=O)C1CCN(CC(F)F)CC1,-12.922022,0
754,O=C(CCc1nc(-c2ccoc2)no1)Nc1ccc(N2CCOCC2)cn1,-30.412941999999997,1
755,CCOC(=O)[C@]1(c2ccccc2)N[C@@H](c2cccs2)[C@H]2C(=O)N(C)C(=O)[C@H]21,-26.212936,0
756,CCC[C@@H]1CN(C(=O)c2ccncc2)C[C@H]1NS(C)(=O)=O,-25.811417000000002,0
757,Cc1ccc(OC2(C(=O)O)CCN(C(=O)[C@@H](C)n3cccc3)CC2)cn1,-26.723487,0
758,COc1ccc(F)c(F)c1C(=O)N1Cc2ccccc2C[C@@H]1C(=O)O,-29.665881,0
759,CC(C)c1cc(NC(=O)c2cccc(S(C)(=O)=O)c2)[nH]n1,-28.484577,0
760,O=c1c2nnc3c(-c4ccccc4)cnn3c2ccn1CCc1cnc[nH]1,-24.064207,0
761,COc1ccc(/C=C2\NC(=O)N(Cc3ccccc3)C2=O)cc1Br,-24.10318,0
762,O=C(NCCc1c[nH]cn1)c1ccc(S(=O)(=O)N2CC[C@H](O)C2)cc1,-29.903358,0
763,CCOc1ccc(NC(=O)CCc2nc(-c3ccco3)no2)cc1,-22.431044,0
764,C[C@@H](NC(=O)NCc1ccnc2ccccc12)[C@@H]1COc2ccccc21,-24.563372,0
765,COc1ccccc1CNC(=O)Cc1csc(NC(=O)[C@@H]2CCC(=O)N2)n1,-30.695557,1
766,COc1cc(CNCCc2nc(C)cs2)cc2c1OCO2,-25.245509,0
767,O=C(NCCNC(=O)c1cccnc1)NC[C@@H]1CCCCO1,-26.621244,0
768,CCNC(=O)CNC(=O)c1cn(-c2ccc(F)cc2)nc1-c1cccc(C)c1,-22.745113,0
769,Cc1ccc2nc(C(=O)N3CCO[C@H](c4ccc(F)cc4)C3)cn2c1,-32.499722,1
770,C[C@H]1Oc2ccccc2N(CC(=O)NCCSCc2ccsc2)C1=O,-21.528768,0
771,C[C@@H]1CO[C@H](c2cccc(Cl)c2)CN1C(=O)c1ccoc1,-25.06912,0
772,CCc1ccc([C@](C)(O)[C@H](CN2CCOCC2)c2ccccc2)cc1,-18.90683,0
773,O=C(NC1CCCCCC1)[C@@H]1CCCN(C(=O)N2CCOc3ccccc32)C1,-30.754428000000004,1
774,CC1(C(=O)Nc2ccccc2Br)CC1,-27.701886,0
775,O=C(CCc1nc2ccccc2[nH]c1=O)NC[C@H]1OCCc2ccccc21,-28.840769,0
776,CCCCc1c(C)[nH]c2nc(NCc3ccc(OCC)cc3)nn2c1=O,-16.754932999999998,0
777,O=C(NC1CCCCCC1)c1ccc(CN2CCCC2=O)cc1,-21.211819000000002,0
778,CC(C)(C)[C@H]1CC[C@](O)(CN2CCC[C@](C)(C(N)=O)C2)CC1,-10.262784,0
779,COC(=O)c1cccnc1N1CCC(c2nc3ccccc3[nH]2)CC1,-23.635139000000002,0
780,c1csc(-c2ccc(NCC3CCOCC3)cc2)n1,-22.547906,0
781,O=C(N[C@H]1CCCCNC1=O)N1CCCC2(C1)CCCCCC2,-27.997442,0
782,Cc1ccc(NC(=O)CN2C(=O)S/C(=C/C=C/c3ccco3)C2=O)cc1,-23.134292000000002,0
783,Clc1ccc(C2(NC[C@H]3CNc4ccnn4C3)CCC2)cc1,-28.69765,0
784,CCOC(=O)C1=C(C)N(C)C(=O)N[C@H]1c1ccc(Br)s1,-21.497170999999998,0
785,C[C@H](CCOc1ccccc1)C(=O)N1CCOC[C@H]1C(=O)O,-24.712365,0
786,Cn1cc(CC(=O)NCc2cn3ccccc3n2)c2ccccc21,-27.305222999999998,0
787,C[C@@H](NC(=O)Cc1ccc2c(c1)OCCO2)c1ccc2c(c1)OCCCO2,-17.491214000000006,0
788,N[C@@H](Cc1c[nH]cn1)C(=O)N1CCN(c2ccc(Cl)c(Cl)c2)CC1,-31.299508000000003,1
789,COc1ccc(-c2n[nH]cc2C(=O)N[C@@H]2[C@@H]3CCO[C@@H]3C2(C)C)cc1,-14.323704000000001,0
790,Cc1ccc(NC(=O)CN2c3ccccc3C(c3ccccc3)=NCC2=O)cc1,-27.33496400000001,0
791,Cc1cccc(C)c1NC(=O)c1cccc(N2C(=O)CCS2(=O)=O)c1,-20.756129,0
792,O=C(NCc1ccc(Cl)cc1)[C@H]1CCCN(c2cnc3nccnc3c2)C1,-26.226948999999998,0
793,CC(C)OCCOC(=O)Cn1c(=O)sc2cccc(Cl)c21,-29.038088000000002,0
794,Cc1ccc2c(c1)NC(=O)[C@](C)(C(=O)NCCC1=CCCCC1)O2,-26.142203,0
795,CCn1cnc2sc(C(=O)Nc3cccc(C)c3)c(C)c2c1=O,-28.111128000000004,0
796,O=C(Cn1[nH]c(=O)ccc1=O)N1CCC[C@]2(C=Cc3ccccc3O2)CC1,-26.439422999999998,0
797,CCn1c(C)cc(C(=O)O[C@H](C)C(=O)Nc2ccc(S(N)(=O)=O)cc2)c1C,-25.167901,0
798,Cc1ccccc1CS(=O)(=O)c1ncc(Cl)c(C(=O)O)n1,-32.628778000000004,1
799,COc1ccc(CNC(=O)CNC(=O)c2c(C)nn(C)c2Cl)cc1,-23.610087,0
800,O=C(O)[C@@H]1C[C@H]2CC[C@H]1N2S(=O)(=O)CCc1cccc(Cl)c1,-29.8831,0
801,CCc1cccc(NC(=O)c2nc3ccccc3nc2OC)c1,-22.01606,0
802,O=c1c2cc(Cl)cc(Cl)c2ncn1CCc1cnc[nH]1,-23.763386999999998,0
803,COc1ccccc1[C@@H](C)N(C)c1nncc(-c2ccc(F)cc2)n1,-23.018578,0
804,COc1ccccc1CN1C[C@@H](C(=O)NCc2c(C)n[nH]c2C)CCC1=O,-24.823542,0
805,CCc1nc2sc([C@H](c3cccc(OC)c3)N3CCC(O)CC3)c(O)n2n1,-6.7904860000000005,0
806,COc1ccc(-c2cn(CC(=O)NCc3cccc(Cl)c3)nc2N(C)C)cc1,-21.284641,0
807,Cn1nc(C2CCC2)cc1NC(=O)c1ccccc1F,-25.732197,0
808,COc1cc([C@H]2C[C@](O)(C3(O)CCCCC3)ON2)cc(OC)c1OC,-12.035613,0
809,COc1ccc(C2=NO[C@@H](CN[C@@H]3[C@@H]4CCO[C@@H]4C3(C)C)C2)cc1F,-22.479185,0
810,C[C@H](COc1ccccc1)NC(=O)[C@H](c1ccccc1)N(C)S(C)(=O)=O,-22.378995,0
811,COc1cccc(CN2CC[C@@]3(CCN(C(=O)c4cccs4)C3)C2=O)c1,-27.346846999999997,0
812,Cc1nnc(N[C@H]2C[C@@H](c3cc(O)nc(N(C)C)n3)C2)s1,-28.007129,0
813,COc1ccc(N2C(=O)/C(=C\c3ccccc3O)C(=O)NC2=S)cc1,-25.937007,0
814,Cc1nc(CN2CC[C@@]3(C2)COCc2cnc(N4C[C@@H](C)O[C@H](C)C4)nc23)c[nH]1,-14.406206,0
815,COc1ccccc1OCC(=O)N1CCN(c2ccccc2[N+](=O)[O-])CC1,-21.411642,0
816,Cc1ccc([C@@H]2[C@H](S(=O)(=O)c3ccc(Cl)cc3)[C@]2(CN)CO)cc1,-17.52058,0
817,COC(=O)c1cccc(OC[C@H](O)Cn2c(C)nc3ccccc3c2=O)c1,-19.331976,0
818,Cc1ccc2c(c1)N(CC(=O)Nc1ccc3c(c1)OCCO3)C(=O)CO2,-27.541281,0
819,COc1cc(C(=O)NCc2cn3c(n2)SCC3)c2ccccc2n1,-23.278858,0
820,CCOC(=O)c1cnn(-c2ccc(NC(=O)N3CCCC3)cc2)c1C(F)(F)F,-17.028829,0
821,O=C(CCCNC(=O)[C@@H]1C[C@@H]1c1ccco1)Nc1cn[nH]c1,-23.501962,0
822,Cc1cc2cc(C(=O)N[C@H](c3cnn(C)c3)C3CC(O)C3)ccc2o1,-26.504482,0
823,CCc1ccc(OCCSc2nc3ccccc3n2CCO)cc1,-25.65385,0
824,O=C(NCCc1ccc(F)cc1)c1cc2c([nH]c1=O)CCCC2=O,-29.183171,0
825,CN1CCN(C(=O)c2ccc(Oc3ccccc3Cl)o2)CC1,-26.263647,0
826,COc1csc(C(=O)N(CCCO)[C@@H]2CCc3ccccc32)c1,-22.178797,0
827,CSCC[C@@H](NC(=O)c1ccc2nc(C)c(C)nc2c1)C(=O)O,-20.344514999999998,0
828,Cc1ccc(C(=O)Nc2ccc(S(=O)(=O)N3C[C@H](C)O[C@@H](C)C3)cc2)cn1,-23.430006,0
829,CS(=O)(=O)N1CCC[C@H](c2nc(C(=O)NCCCCO)c3ccccn32)C1,-24.591516,0
830,O=C(N[C@H]1CCc2c1cccc2O)[C@H]1CSCN1C(=O)C1CCC1,-18.690920000000002,0
831,COc1cc2c(cc1OC)CN(CC(=O)NC(=O)NCc1ccco1)CC2,-20.986841000000002,0
832,O=C(COc1ccc2c3c(c(=O)oc2c1)CCC3)NC1CCCC1,-29.684905999999998,0
833,COc1cccc(OC)c1C(=O)NCCc1ccc(S(N)(=O)=O)cc1,-27.678548,0
834,COC(=O)c1ccc(NC(=O)CSc2nnnn2Cc2ccco2)cc1,-23.720303,0
835,CCc1ccc(C(=O)Nc2ccc(OC)c(C(=O)N(C)C)c2)s1,-27.472408,0
836,CC(C)N1CC[C@@H](c2nnc3n2CCN(C(=O)c2ccc(Cl)cc2)CC3)C1,-15.109473000000001,0
837,COc1ccc(S(=O)(=O)NCC(=O)Nc2ccc(C)cc2C)cc1OC,-38.547982,1
838,COc1ccc(Cn2nc(C)nc2CCNC(=O)c2ccccc2F)cc1,-18.728704999999998,0
839,CC(=O)Nc1ccc(NC(=O)c2cnn(-c3ccccn3)c2C(C)C)cc1,-26.947466,0
840,COc1c(C)cccc1CN1CC[C@@H](c2cc3nc(C)c(C)c(O)n3n2)C1,-28.091865000000002,0
841,COCCc1noc([C@@H]2CCCN(C(=O)c3nn(C)c4c3CCCC4)C2)n1,-25.31301400000001,0
842,NC(=O)CCNc1ccc(C(=O)N2CCC(CCc3ccccc3)CC2)cn1,-20.816193,0
843,C[C@H]1CCCCN1S(=O)(=O)c1ccc(C(=O)NC2CCCCC2)cc1,-23.201472,0
844,COC(=O)c1ccc(C(=O)Nc2ncc(Cc3ccc(C)c(F)c3)s2)nc1,-28.670835999999998,0
845,C[C@H](C(=O)NCc1cccnc1N(C)CCc1ccccn1)n1ccnc1,-28.0391,0
846,CCc1nc(C)ccc1OCC(=O)N1CCC[C@H](C(F)(F)F)C1,-27.667265999999998,0
847,C[C@H](NC(=O)c1ccco1)C(=O)N1CCC(c2nc3ccccc3s2)CC1,-15.878623000000001,0
848,COc1ccc(-n2nnc(C(=O)Nc3ccccc3F)c2N)cc1,-33.098890000000004,1
849,CNS(=O)(=O)C[C@H]1CCCN(C(=O)NCc2cccc3ccsc32)C1,-18.903873,0
850,O=C(c1cnn2ccccc12)N1C[C@H](c2ccccc2)[C@@H]2[C@H]1C1CCN2CC1,-33.403721000000004,1
851,CCc1ccccc1N1C(=O)[C@H]2NN=C(C(=O)OC)[C@H]2C1=O,-15.706567000000001,0
852,CC(C)c1nnc(NC(=O)c2noc3c2CCCCC3)s1,-22.730445,0
853,Cc1noc(C)c1C(=O)N[C@@H](c1ccc(C)cc1)C1CC1,-26.194755999999998,0
854,COc1ccc(C(=O)N2CCC(c3nnc4ccccn43)CC2)c(OC)c1OC,-29.240434999999998,0
855,C[C@@H](NC(=O)N1CCN(Cc2cccs2)CC1)c1nncn1C,-16.364883,0
856,O=C(CS(=O)(=O)Cc1ccccc1)Nc1nc(-c2ccccc2)cs1,-18.118431,0
857,COc1ccccc1C(=O)N1CCC(c2noc(-c3cccnc3)n2)CC1,-25.893828,0
858,Cc1cccc2c1[C@@H](C)C[C@@H]2CC(=O)O,-29.282865,0
859,Cc1ccc(NC(=O)c2cc(-c3cccnc3)on2)cc1N(C)C,-32.955948,1
860,O=c1c2ccccc2nnn1Cc1ccc(Oc2ccc([N+](=O)[O-])cc2)cc1,-36.128026,1
861,Cc1cc(C(=O)N[C@@H]2CCOC[C@H]2OCc2ccccc2)cc(=O)[nH]1,-25.358059,0
862,CCOc1ccccc1[C@H]1NC(=O)NC(C)=C1C(=O)OCCC(C)C,-20.949499,0
863,CCCn1cc(C(=O)N2CCC[C@@](O)(COc3ccccc3C)C2)cn1,-17.90121,0
864,CC(C)=C[C@@H]1[C@H](C(=O)N[C@H](c2nnc3n2CCC3)C(C)C)C1(C)C,-26.908998999999998,0
865,CCN(CC)S(=O)(=O)c1ccc(N2C(=O)c3ccccc3C2=O)cc1,-24.370232,0
866,CC[C@@H](C)[C@@H](NC(=O)c1ccccc1)C(=O)NCc1ccccc1F,-29.898375,0
867,O=C(c1ccc2nc(-c3ccccc3)cn2c1)N1CCO[C@H](C(F)(F)F)C1,-34.162678,1
868,CC(C)c1nc(-c2cccnc2SCC(=O)Nc2ccccc2)no1,-28.247359999999997,0
869,COc1ccc([C@@H](CNC(=O)C(=O)NC2CCCCC2)N2CCOCC2)cc1,-18.2171,0
870,C[C@H](Cc1ccccc1F)C(=O)N1CCC[C@H](N2CCNCC2=O)C1,-28.828917999999998,0
871,COC(=O)c1sccc1S(=O)(=O)NC[C@@H](c1ccsc1)n1cccn1,-26.934565999999997,0
872,CC1CCN(C(=O)CSc2ccc(-c3ccc4c(c3)OCO4)nn2)CC1,-25.783306,0
873,O=C(OCn1nnc2ccccc2c1=O)c1ccc(-c2ccccc2)cc1,-29.736023,0
874,C[C@@H](Sc1nc2c(cnn2-c2cccc(Cl)c2)c(O)n1)C(=O)NC(N)=O,-33.361001,1
875,O=C(O)c1ccc(N2C(=O)/C(=C/c3ccoc3)C(=O)NC2=S)cc1,-35.076366,1
876,COc1cc(NC(=O)CCCc2ccccc2)cc(OC)c1,-20.217395,0
877,O=c1c2sccc2n(Cc2ccc(Cl)cc2)c(=O)n1Cc1ccco1,-29.887562,0
878,C[C@@]1(C(=O)O)CCN(C(=O)CCOc2cccc(Br)c2)C1,-27.54130300000001,0
879,CN1c2ccccc2/C(=C\c2nc3ccccc3c(=O)n2Cc2ccccc2)C1=O,-26.484890999999998,0
880,O=C(Cc1cnn(-c2ccccc2)c1)NCCOc1ccccc1,-22.633921,0
881,CC(C)(C)NC(=O)CCCN1c2cccc3cccc(c23)S1(=O)=O,-24.330907,0
882,O=C(NCC1CCC(c2nc3ccccc3[nH]2)CC1)N1CCSCC1,-24.027236,0
883,Fc1ccc(CN2CCSCC2)cc1Br,-21.458075,0
884,COc1cccc(OCCNC(=O)[C@@H]2CCCN2S(C)(=O)=O)c1,-24.461292999999998,0
885,CCOc1c(CNCCOc2ccccn2)cc(Br)cc1OC,-20.59753,0
886,C[C@@H](CNC(=O)c1nc2ncccn2n1)Cn1cc(Cl)cn1,-29.881695,0
887,O=C1CCCCN1Cc1cccc(F)c1C(F)(F)F,-26.256179,0
888,CCN1CCC[C@H]1CNC(=O)COc1ccc2c(c1)NC(=O)CC2,-23.202278,0
889,CC1(C)C[C@@](CCNC(=O)CN2CCCC2)(c2ccccc2)CCO1,-14.133426,0
890,COCCc1nc(C2CCC2)n(Cc2ccccc2C)n1,-25.528449,0
891,CN(C)S(=O)(=O)N(CC(=O)Nc1ccc(C(N)=O)cc1)c1ccccc1F,-36.849142,1
892,C[C@@H](COc1ccccc1)NC(=O)[C@H](c1ccccc1)N(C)S(C)(=O)=O,5.205043,0
893,CN(Cc1cnc(N2CCCCC2)nc1)[C@H]1CCS(=O)(=O)C1,-18.728613,0
894,COc1ccc2c(c1)c(C(=O)NCCc1nccs1)cn2C,-22.70407,0
895,C[C@H](NCC(=O)N([C@@H]1CCS(=O)(=O)C1)C1CCCCC1)c1ccc(F)cc1,-16.957386,0
896,O=C(NC[C@]1(O)CCc2ccccc21)c1cc(Cl)ccc1Cl,-32.334168,1
897,Cn1cc(C(=O)N2CC[C@@H](C(=O)NCCc3ccccc3)C2)ccc1=O,-30.210442999999998,1
898,CN1CCC(OC2CCN(C(=O)c3ccc(F)cc3Cl)CC2)CC1,-20.232474,0
899,Cc1cc2nc(NC(C3CC3)C3CC3)c3ccccc3n2n1,-14.648657,0
900,Cn1cnc(CN2CCOC[C@@H]2c2[nH]ncc2S(C)(=O)=O)c1,-20.384598999999998,0
901,CN1CC(=O)N2CCN(C(=O)c3ccc(Cl)cc3)C[C@@H]2C1=O,-24.996856,0
902,CN(C(=O)c1cnn(C(C)(C)C)c1)[C@@H](Cc1ccccc1)C(=O)O,-37.043354,1
903,CC(=O)N(C1CCOCC1)C1CCN(C(=O)Nc2ccc(Cl)cc2C)CC1,-18.577579999999998,0
904,CSCc1cccc(NC(=O)c2csc(S(N)(=O)=O)c2)c1,-27.83157700000001,0
905,O=S(=O)(N[C@@H](Cc1ccccc1)c1ccccc1)N1CCOCC1,-18.655972,0
906,CCOC(=O)[C@@H]1[C@H]2NC(=S)N(CC)[C@@]1(C)Oc1ccc([N+](=O)[O-])cc12,-1.690523,0
907,CN(C(=O)c1cc2ccccc2o1)[C@@H]1CCCC[C@H]1S(C)(=O)=O,-31.507655,1
908,COc1ccc([C@@H]2CCCN2C(=O)c2ccc3[nH]cnc3c2)cc1OC,-23.922212,0
909,CC(C)NC(=O)N1C[C@H]2N(c3ncccn3)CCC[C@@]2(C(=O)NCC2CC2)C1,-21.378007,0
910,CCOC(=O)[C@@]12CN(c3ncccn3)C[C@@H]1CN(C(=O)C1CC(O)C1)CCC2,-23.755557,0
911,CCc1noc(C)c1C(=O)N[C@H](C)c1cccc(OC)c1,-27.529833,0
912,CCCNc1ccc(CNC(=O)C2CCN(C3CC3)CC2)cc1,-14.720341000000001,0
913,CS(=O)(=O)N(Cc1cccnc1)C1CN(C(=O)C2CCCC2)C1,-24.668722,0
914,Cc1ncsc1-c1nc(NCCN2CCCC2=O)ncc1-c1ccc(F)cc1,-24.950281,0
915,Cc1onc(-c2ccccc2)c1C(=O)N1CC[C@@H](N2CCCC2)C1,-20.546266,0
916,Cc1nc(COC[C@@H]2CCOC23CN(C(=O)c2ccncc2)C3)cs1,-27.023501,0
917,CO[C@H](C)CCC(=O)N1CCC(c2nc(-c3ccccc3)no2)CC1,-25.836448999999998,0
918,CC(C)(C)[C@@H]1CCC2=NN(C(=O)c3cccnc3)[C@](O)(C(F)(F)F)[C@@H]2C1,-20.682563000000002,0
919,COC[C@@H]1CCCN(S(=O)(=O)NCc2nc3ccc(OC)cc3[nH]2)C1,-28.412383000000002,0
920,O=C1NC(=S)N/C1=C/c1cccn1-c1ccc(Br)cc1,-26.473988000000002,0
921,CC(C)NS(=O)(=O)c1ccc(NC(=O)C2(C(=O)O)CC2)cc1,-29.927255,0
922,C[C@H]1CCCCN1c1ccc(S(=O)(=O)N2CCOCC2)cc1[N+](=O)[O-],-23.172598,0
923,OC[C@H](O)CSCc1nc2cc(C(F)(F)F)ccc2o1,-20.201103,0
924,Cc1ccc(N2C[C@@]3(COCCN(Cc4cccs4)C3)OCC2=O)s1,-23.625276,0
925,Cc1cc(=O)c(C(=O)N2CCC([C@@H](O)Cc3ccccc3)CC2)c[nH]1,-34.061749,1
926,Cc1cc(C(=O)N(CCCN(C)C)c2nc3ccccc3s2)no1,-27.021659999999997,0
927,O=C(Nn1cnc2ccccc21)c1cc(F)ccc1Br,-29.461087,0
928,O=C(Cn1nnnc1CN1CCc2ccccc2C1)N1CCCC1,-20.51309,0
929,O=C(c1cnc(O)c2ccccc12)N1CCC[C@@H]1c1nc2ccccc2[nH]1,-28.086558,0
930,CC(C)(C)[C@@H](CCO)NCc1nc(-c2ccc3c(c2)OCO3)no1,-24.855857,0
931,O=S(=O)(CCNc1cc([C@H]2C[C@@H](O)C2)ncn1)c1ccc(F)cc1,-24.694118,0
932,C[C@@H](NC(=O)CNC(=O)c1ccc2c(c1)CCC2)[C@H](C)c1ccccc1,-29.1404,0
933,Cc1nn(C)c(C)c1CC(=O)N[C@@H]1CCSc2ccc(Cl)cc21,-24.640713,0
934,Cn1cccc(NC(=O)c2cnn(-c3ccc(Cl)cc3)c2)c1=O,-24.159904,0
935,CNC(=O)[C@@H](C)N(Cc1ccc(C)cc1)C(=O)CSCc1ccc(F)cc1,-25.818682,0
936,Cc1ccc(-n2ncc3c2ncnc3NCCCOC(C)C)cc1,-22.008975,0
937,Cn1ccnc1[C@H](O)C1CCN(Cc2cccc(OC3CCCC3)c2)CC1,-16.121986,0
938,CCn1nc(C)c2ccn(CC(=O)NCc3cc(F)cc(F)c3)c(=O)c21,-24.953763000000002,0
939,C[C@H](CO)N=c1[nH]c(-c2ccccn2)cc(=Nc2c(F)cccc2F)[nH]1,-31.856154999999998,1
940,Cc1cccc([C@H]2CCCN2C(=O)COC[C@@H]2CCCO2)c1C,-20.184042,0
941,COCCN1C(=O)CC[C@@H]2[C@H]1CCN2Cc1ccc(OC)cc1,-28.001653000000005,0
942,Cc1cccc(S(=O)(=O)N2CC[C@@]3(C[C@@H]3C(=O)NCc3cccs3)C2)c1,-22.814708,0
943,COc1ccc([C@@H]2Nc3ccccc3C(=O)N2NS(C)(=O)=O)cc1,-24.1253,0
944,O=C(c1cccc(Cl)c1)N1CCC2(C[C@@H](Nc3ccccn3)CO2)CC1,-29.789126,0
945,Cc1ccc2sc(CNC(=O)[C@@H](C)OC[C@H]3CCCO3)nc2c1,-22.921877,0
946,O=C(c1cc2ccccc2oc1=O)N1CCN(S(=O)(=O)c2cccnc2)CC1,-35.280361,1
947,CN1CCN(C(=O)c2ccc3c(c2)OCC(C)(C)CO3)CC1,-17.581187,0
948,CCn1c(SCC(=O)OC(C)(C)C)nc2ccc(Br)cc2c1=O,-23.046795,0
949,O=C1N(CCC2CCCCC2)CCC[C@@]1(O)CN1CCc2[nH]ncc2C1,-12.007985000000001,0
950,O=C(c1ccc2c(c1)OCO2)N1CCN(Cc2ccc(F)cc2)CC1,-28.924542,0
951,O=C(NC1C[C@@H](C(F)(F)F)C[C@H](C(F)(F)F)C1)c1ccc[nH]c1=O,-37.514519,1
952,CC(C)c1nc(CN(C)c2ncnc3[nH]ccc32)cs1,-20.250273999999997,0
953,Cc1ccc(NC(=O)C(=O)NC[C@@H]2CCO[C@H]2C(C)(C)C)c(F)c1,-27.42571,0
954,O=C(NCC1(c2ccccc2)CC1)N[C@@H](c1nccs1)C1CC1,-22.673703,0
955,CCOc1ccccc1NC(=O)N1CCC[C@@H]1C(=O)NCc1ccco1,-23.12571,0
956,Oc1nc(-c2ccc(N3CCOCC3)nc2)nc2ccccc12,-30.259197999999998,1
957,NC(=O)N[C@@H](CC(=O)NCc1ccccc1Cl)c1cccs1,-29.220932,0
958,Cn1c(S)nnc1-c1csc(-c2cccc(C(F)(F)F)c2)n1,-23.867125,0
959,COc1ccc(-c2nc(CN3C[C@H](O)[C@@H](N(C)C)C3)c(C)o2)c2ccccc12,-9.683166,0
960,O=C(O)C1CCN(C(=O)NC[C@@H]2CCCC[C@H]2c2ccccc2)CC1,-16.160436999999998,0
961,CCOC(=O)Cc1csc(NC(=O)Cc2ccc(OC)cc2)n1,-25.32183,0
962,COc1ccc(S[C@H](C)C(=O)N2CCC[C@@H](C(=O)NCC(C)C)C2)cc1,-21.632135,0
963,COc1ccc(NC(=O)Cn2c3ccccc3nc(C)c2=O)cc1Cl,-28.020599,0
964,CC[C@H](C)N=c1[nH]c(-c2ccccc2)cc(=NCc2ccccc2[N+](=O)[O-])[nH]1,-29.890588,0
965,C[C@@H](c1ccc(-c2nc(N(C)C)n(C)n2)cc1)N1CCOCC1,-18.213179,0
966,CC[C@H]1CC[C@@H](C)N1C(=O)Cn1nnc2ccccc2c1=O,-25.618797,0
967,COc1ccccc1N1C[C@@]23C=C[C@@H](O2)[C@@H](C(=O)OC(C)C)[C@H]3C1=O,-14.392179999999998,0
968,O=S(=O)(c1ncccc1Br)N1CC(N2CC[C@@H](O)C2)C1,-21.516239000000002,0
969,C(NC[C@H]1C[C@@H]2CC[C@H]1C2)[C@@H]1C[C@@H]2CC[C@@H]1C2,-16.348406,0
970,O=C(NC1CCCCC1)N1CCC(c2nccn2CC2CC2)CC1,-22.847493,0
971,Cc1cccc(C(C)C)c1NC(=O)CN1CCN(c2ccccn2)CC1,-18.206112,0
972,CCCN(CCC)S(=O)(=O)c1ccc(NC(=O)c2cccnc2)cc1,-26.017119,0
973,Cc1csc(CN(C)C(=O)c2ncccc2OCC(F)(F)F)n1,-24.998232,0
974,COc1ccc(N)cc1NC(=O)c1cccc(Cl)c1,-27.98643,0
975,COC(=O)C(C)(C)NC(=O)[C@H]1C[C@@H]1c1cccc(Br)c1,-19.641644,0
976,CCCN(CC(=O)N(C)C)C(=O)c1cnn(-c2ccccc2Cl)c1,-22.091886,0
977,Nc1ccsc1C(=O)NCc1cc2n(n1)CCCN(C1CCCCC1)C2,-31.610490999999996,1
978,CCO[C@H]1CN(CC)C[C@@H]1n1cnc2c(Cl)cccc2c1=O,-21.66416700000001,0
979,CNC(=O)c1ccccc1-c1ccc([C@@H](C)N(C)C)cc1,-20.068023999999998,0
980,O=C(COc1ccccc1F)N1CCc2nc([C@@H]3CCCN3)ncc2C1,-19.212899,0
981,C[C@H](NC(=O)COC(=O)CNC(=O)c1ccccc1)c1ccccc1,-30.002872999999997,1
982,COc1c(C)cnc(CSCc2cc(=O)n3ccsc3n2)c1C,-23.589559,0
983,Cn1c(C(=O)N2CCC[C@@H]2C(=O)Nc2nccs2)cc2ccccc21,-28.005468,0
984,CCCNC(=O)C1CCN(Cc2ccc(F)c(Br)c2)CC1,-15.372081,0
985,CNC(=O)c1cc(S(=O)(=O)NC[C@H]2COc3ccccc3O2)ccc1OC,-35.959385,1
986,COCC(=O)N([C@@H](C)c1ccc2c(c1)OCCCO2)C1CC1,-14.649723000000002,0
987,CS(=O)(=O)[C@@H]1CCC[C@H](NC(=O)c2nccc3ccccc32)C1,-30.500077,1
988,CN1C(=O)N[C@](C)([C@@H]2CCCN(CCc3ccccc3Cl)C2)C1=O,-30.103656,1
989,Cc1cc(S(=O)(=O)Nc2ccc(C(=O)N3CCCC3)cc2)ccc1F,-30.66850100000001,1
990,O=C(NCCN1CCOCC1)c1conc1-c1ccccc1,-19.464195,0
991,CCc1ncc(CNC[C@@H]2CCN(C)[C@H]2c2ccc(OC)cc2)s1,-21.96730100000001,0
992,COCCCN(C)CCNC(=O)c1nc(-c2ccccc2)cn1C,-16.595253,0
993,COC(=O)c1sccc1NS(=O)(=O)c1ccc(OC)cc1,-26.107668,0
994,COc1cccc(N2CCC(N3CCC[C@@H](C(=O)c4ccccn4)C3)CC2)c1,-27.889723999999998,0
995,COc1cccc(CC(=O)N2CCCC[C@H]2c2cc(C(N)=O)[nH]n2)c1,-26.395801000000002,0
996,Cn1cnc2cc(C(=O)NC[C@@H](c3cccnc3)N3CCCCC3)ccc21,-29.43992,0
997,CC1CCN(CCCCNC(=O)Nc2ccc(F)cn2)CC1,-31.141429,1
998,C[C@]12CC[C@@H]3[C@H](CCC4=CC(=O)CC[C@]43C)[C@H]1CC[C@@]2(O)C(=O)CO,-3.661765,0
999,COC(=O)[C@@H]1CCCCN1Cc1cc(=O)n2cccc(C)c2n1,-13.86635,0
